doubling every day;doubling every 2 days;doubling every 4 days;doubling every 10 days;United Kingdom;France;Germany;Canada;India;Australia;date
100.0;100.0;100.0;100.0;134.0;130.0;117.0;120.0;102.0;107.0;0
200.0;141.4213562373095;118.9207115002721;107.17734625362931;189.0;191.0;150.0;144.0;113.0;128.0;1
400.0;200.0;141.4213562373095;114.86983549970351;246.0;212.0;188.0;165.0;119.0;128.0;2
800.0;282.842712474619;168.1792830507429;123.11444133449163;295.0;288.0;240.0;228.0;142.0;200.0;3
1600.0;400.0;200.0;131.9507910772894;374.0;426.0;349.0;289.0;156.0;250.0;4
3200.0;565.685424949238;237.8414230005442;141.4213562373095;429.0;616.0;534.0;386.0;194.0;297.0;5
6400.0;800.0;282.842712474619;151.5716566510398;483.0;948.0;684.0;453.0;244.0;377.0;6
12800.0;1131.370849898476;336.3585661014858;162.4504792712471;630.0;1125.0;847.0;549.0;330.0;452.0;7
25600.0;1600.0;400.0;174.11011265922482;888.0;1411.0;1112.0;700.0;396.0;568.0;8
51200.0;2262.741699796952;475.6828460010884;186.60659830736148;1299.0;1783.0;1296.0;854.0;499.0;681.0;9
102400.0;3200.0;565.685424949238;200.0;1788.0;2293.0;1567.0;1097.0;536.0;791.0;10
204800.0;4525.483399593904;672.7171322029716;214.35469250725862;2268.0;2293.0;2369.0;1349.0;657.0;1071.0;11
409600.0;6400.0;800.0;229.73967099940697;2632.0;3681.0;3062.0;1692.0;727.0;1549.0;12
819200.0;9050.966799187809;951.3656920021768;246.22888266898326;3074.0;4496.0;3795.0;2195.0;887.0;1682.0;13
1638400.0;12800.0;1131.370849898476;263.9015821545788;3686.0;4532.0;4838.0;2651.0;987.0;2044.0;14
3276800.0;18101.933598375617;1345.4342644059432;282.842712474619;4456.0;6683.0;6012.0;3297.0;1024.0;2364.0;15
6553600.0;25600.0;1600.0;303.14331330207966;5462.0;7715.0;7156.0;3996.0;1251.0;2810.0;16
13107200.0;36203.867196751235;1902.7313840043537;324.9009585424942;6523.0;9124.0;8198.0;4569.0;1397.0;3143.0;17
26214400.0;51200.0;2262.741699796952;348.22022531844965;7778.0;10970.0;10999.0;5511.0;1998.0;3640.0;18
52428800.0;72407.73439350247;2690.8685288118863;373.21319661472296;8975.0;12758.0;13957.0;6380.0;2543.0;3984.0;19
104857600.0;102400.0;3200.0;400.0;10398.0;14463.0;16662.0;7310.0;2567.0;4361.0;20
209715200.0;144815.46878700494;3805.4627680087074;428.70938501451724;12747.0;16761.0;18610.0;8246.0;3082.0;4559.0;21
419430400.0;204800.0;4525.483399593904;459.47934199881405;15139.0;20120.0;22672.0;9478.0;3588.0;4862.0;22
838860800.0;289630.9375740099;5381.737057623773;492.4577653379664;17847.0;22372.0;27436.0;10711.0;4778.0;5116.0;23
1677721600.0;409600.0;6400.0;527.8031643091576;20958.0;25331.0;31554.0;12023.0;5311.0;5330.0;24
3355443200.0;579261.8751480198;7610.925536017415;565.685424949238;24203.0;29252.0;36508.0;13742.0;5916.0;5550.0;25
6710886400.0;819200.0;9050.966799187809;606.2866266041593;27055.0;33045.0;42288.0;15072.0;6725.0;5687.0;26
13421772800.0;1158523.7502960395;10763.474115247545;649.8019170849884;29949.0;37693.0;48582.0;16410.0;7598.0;5797.0;27
26843545600.0;1638400.0;12800.0;696.4404506368992;34251.0;40296.0;52547.0;17599.0;8446.0;5895.0;28
53687091200.0;2317047.500592079;15221.85107203483;746.4263932294459;38788.0;44645.0;57298.0;19100.0;9205.0;6010.0;29
107374182400.0;3276800.0;18101.933598375617;800.0;43755.0;52281.0;61913.0;20488.0;10453.0;6108.0;30
214748364800.0;4634095.001184158;21526.94823049509;857.4187700290345;48694.0;57125.0;67366.0;21724.0;11487.0;6215.0;31
429496729600.0;6553600.0;25600.0;918.9586839976281;53645.0;59227.0;73522.0;23104.0;12322.0;6303.0;32
858993459200.0;9268190.002368316;30443.70214406966;984.9155306759328;57739.0;64452.0;79696.0;24248.0;13430.0;6315.0;33
1717986918400.0;13107200.0;36203.867196751235;1055.6063286183153;61359.0;47376.0;85778.0;25624.0;14352.0;6351.0;34
3435973836800.0;18536380.004736632;43053.89646099018;1131.370849898476;66715.0;48225.0;91714.0;26966.0;15722.0;6415.0;35
6871947673600.0;26214400.0;51200.0;1212.5732532083186;72199.0;50884.0;95391.0;28763.0;17615.0;6440.0;36
13743895347200.0;37072760.009473264;60887.40428813932;1299.6038341699768;77369.0;47395.0;99225.0;30452.0;18539.0;6462.0;37
27487790694400.0;52428800.0;72407.73439350247;1392.8809012737984;82281.0;51250.0;103228.0;32199.0;20080.0;6522.0;38
54975581388800.0;74145520.01894653;86107.79292198036;1492.8527864588918;86620.0;55034.0;108202.0;33965.0;21370.0;6568.0;39
109951162777600.0;104857600.0;102400.0;1600.0;90248.0;56600.0;113525.0;36091.0;23077.0;6610.0;40
219902325555200.0;148291040.03789306;121774.80857627864;1714.8375400580687;93784.0;58045.0;117658.0;37617.0;24530.0;6623.0;41
439804651110400.0;209715200.0;144815.46878700494;1837.9173679952562;97993.0;108792.0;120479.0;39317.0;26283.0;6645.0;42
879609302220800.0;296582080.0757861;172215.58584396073;1969.8310613518656;102352.0;111933.0;123016.0;41029.0;27890.0;6652.0;43
1759218604441600.0;419430400.0;204800.0;2111.2126572366315;107454.0;129381.0;125098.0;42619.0;29451.0;6662.0;44
3518437208883200.0;593164160.1515722;243549.61715255727;2262.741699796952;112792.0;132588.0;127584.0;44465.0;31324.0;6677.0;45
7036874417766400.0;838860800.0;289630.9375740099;2425.1465064166364;117777.0;145166.0;130450.0;46274.0;33062.0;6694.0;46
1.40737488355328e+16;1186328320.3031445;344431.17168792145;2599.2076683399537;122508.0;147057.0;133830.0;47914.0;34863.0;6714.0;47
2.81474976710656e+16;1677721600.0;409600.0;2785.7618025475967;126375.0;150861.0;137439.0;49496.0;37257.0;6721.0;48
5.62949953421312e+16;2372656640.606289;487099.23430511454;2985.7055729177846;131252.0;151955.0;139897.0;50707.0;39699.0;6744.0;49
1.125899906842624e+17;3355443200.0;579261.8751480198;3200.0;136023.0;154402.0;141672.0;52363.0;42505.0;6752.0;50
2.251799813685248e+17;4745313281.212578;688862.3433758429;3429.6750801161375;141529.0;157068.0;143457.0;53886.0;46437.0;6766.0;51
4.503599627370496e+17;6710886400.0;819200.0;3675.8347359905124;146682.0;158867.0;145694.0;55575.0;49400.0;6778.0;52
9.007199254740992e+17;9490626562.425156;974198.4686102291;3939.6621227037313;151662.0;157158.0;148046.0;57214.0;52987.0;6799.0;53
1.8014398509481984e+18;13421772800.0;1158523.7502960395;4222.425314473263;155445.0;159969.0;150383.0;59025.0;56351.0;6822.0;54
3.602879701896397e+18;18981253124.85031;1377724.6867516858;4525.483399593904;158920.0;161647.0;152438.0;60381.0;59695.0;6847.0;55
7.205759403792794e+18;26843545600.0;1638400.0;4850.293012833273;163627.0;162280.0;154175.0;61640.0;62808.0;6875.0;56
1.4411518807585587e+19;37962506249.70062;1948396.9372204582;5198.415336679907;168351.0;165966.0;155193.0;63016.0;67161.0;6894.0;57
2.8823037615171174e+19;53687091200.0;2317047.500592079;5571.5236050951935;173796.0;169098.0;156337.0;64411.0;70768.0;6913.0;58
5.764607523034235e+19;75925012499.40125;2755449.3735033716;5971.411145835569;178765.0;167643.0;157641.0;65927.0;74292.0;6918.0;59
1.152921504606847e+20;107374182400.0;3276800.0;6400.0;183500.0;168861.0;159119.0;67198.0;78055.0;6939.0;60
2.305843009213694e+20;151850024998.8025;3896793.8744409163;6859.350160232275;186726.0;169387.0;160758.0;68398.0;81997.0;6948.0;61
4.611686018427388e+20;214748364800.0;4634095.001184158;7351.669471981025;189702.0;170179.0;161703.0;69544.0;85784.0;6970.0;62
9.223372036854776e+20;303700049997.605;5510898.747006743;7879.3242454074625;193086.0;170540.0;162496.0;70582.0;90648.0;6980.0;63
1.8446744073709552e+21;429496729600.0;6553600.0;8444.850628946526;196775.0;171102.0;163175.0;71606.0;95698.0;6989.0;64
3.6893488147419103e+21;607400099995.21;7793587.748881833;9050.966799187809;200612.0;172219.0;163860.0;72723.0;100328.0;7019.0;65
7.378697629483821e+21;858993459200.0;9268190.002368316;9700.586025666546;204383.0;176355.0;164807.0;73950.0;106475.0;7035.0;66
1.4757395258967641e+22;1214800199990.42;11021797.494013486;10396.830673359815;207435.0;177096.0;166091.0;75060.0;112028.0;7044.0;67
2.9514790517935283e+22;1717986918400.0;13107200.0;11143.047210190387;209585.0;177627.0;167300.0;76331.0;118226.0;7054.0;68
5.9029581035870565e+22;2429600399980.84;15587175.497763665;11942.822291671138;211907.0;178155.0;168551.0;77486.0;124794.0;7068.0;69
1.1805916207174113e+23;3435973836800.0;18536380.004736632;12800.0;215495.0;178404.0;169218.0;78694.0;131423.0;7072.0;70
2.3611832414348226e+23;4859200799961.68;22043594.988026973;13718.70032046455;218892.0;178719.0;169575.0;79780.0;138536.0;7081.0;71
4.722366482869645e+23;6871947673600.0;26214400.0;14703.33894396205;222191.0;179472.0;170508.0;80782.0;144950.0;7095.0;72
9.44473296573929e+23;9718401599923.36;31174350.99552733;15758.648490814925;224809.0;179993.0;171306.0;82038.0;150793.0;7099.0;73
1.888946593147858e+24;13743895347200.0;37072760.009473264;16889.70125789305;227330.0;180635.0;172239.0;83153.0;158086.0;7114.0;74
3.777893186295716e+24;19436803199846.72;44087189.976053946;18101.933598375617;229397.0;181148.0;173152.0;84243.0;165386.0;7114.0;75
7.555786372591432e+24;27487790694400.0;52428800.0;19401.17205133309;231223.0;181563.0;173772.0;85150.0;173491.0;7126.0;76
1.5111572745182865e+25;38873606399693.44;62348701.99105466;20793.66134671963;233799.0;181703.0;174355.0;86103.0;181827.0;7139.0;77
3.022314549036573e+25;54975581388800.0;74145520.01894653;22286.094420380774;236862.0;182147.0;174697.0;87067.0;190609.0;7150.0;78
6.044629098073146e+25;77747212799386.88;88174379.95210789;23885.644583342277;239572.0;182648.0;175210.0;87834.0;198370.0;7165.0;79
1.2089258196146292e+26;109951162777600.0;104857600.0;25600.0;242126.0;183129.0;176007.0;88719.0;207191.0;7184.0;80
2.4178516392292583e+26;155494425598773.75;124697403.98210932;27437.4006409291;244170.0;183396.0;176752.0;89506.0;216824.0;7192.0;81
4.835703278458517e+26;219902325555200.0;148291040.03789306;29406.67788792408;245678.0;184152.0;177212.0;90575.0;226713.0;7202.0;82
9.671406556917033e+26;310988851197547.5;176348759.90421578;31517.296981629876;247033.0;184698.0;177850.0;91337.0;236184.0;7221.0;83
1.9342813113834067e+27;439804651110400.0;209715200.0;33779.4025157861;248645.0;184259.0;178281.0;92067.0;246622.0;7229.0;84
3.8685626227668134e+27;621977702395095.0;249394807.96421865;36203.867196751235;250304.0;184584.0;178570.0;92863.0;257486.0;7240.0;85
7.737125245533627e+27;879609302220800.0;296582080.0757861;38802.34410266618;252113.0;184839.0;179002.0;93490.0;265928.0;7247.0;86
1.5474250491067253e+28;1243955404790190.0;352697519.80843157;41587.32269343924;253849.0;185012.0;179364.0;94172.0;276146.0;7252.0;87
3.0948500982134507e+28;1759218604441600.0;419430400.0;44572.18884076158;255358.0;188355.0;179717.0;94754.0;286605.0;7259.0;88
6.189700196426901e+28;2487910809580380.0;498789615.9284373;47771.28916668455;256465.0;188949.0;180458.0;95281.0;297535.0;7265.0;89
1.2379400392853803e+29;3518437208883200.0;593164160.1515722;51200.0;257535.0;190743.0;181196.0;95805.0;308993.0;7267.0;90
2.4758800785707605e+29;4975821619160760.0;705395039.6168631;54874.8012818582;258979.0;190975.0;181482.0;96217.0;320922.0;7274.0;91
4.951760157141521e+29;7036874417766400.0;838860800.0;58813.35577584816;260449.0;191382.0;181815.0;96668.0;332424.0;7285.0;92
9.903520314283042e+29;9951643238321520.0;997579231.8568746;63034.59396325975;261797.0;190735.0;182028.0;97102.0;343091.0;7289.0;93
1.9807040628566084e+30;1.40737488355328e+16;1186328320.3031445;67558.8050315722;263035.0;187509.0;182370.0;97592.0;354065.0;7294.0;94
3.961408125713217e+30;1.990328647664304e+16;1410790079.2337263;72407.73439350247;264146.0;191869.0;182764.0;98004.0;366946.0;7320.0;95
7.922816251426434e+30;2.81474976710656e+16;1677721600.0;77604.68820533236;264938.0;192450.0;183271.0;98465.0;380532.0;7335.0;96
1.5845632502852868e+31;3.980657295328608e+16;1995158463.7137492;83174.64538687847;265656.0;193022.0;183678.0;98806.0;395048.0;7347.0;97
3.1691265005705735e+31;5.62949953421312e+16;2372656640.606289;89144.37768152315;266751.0;193363.0;183979.0;99108.0;410451.0;7370.0;98
6.338253001141147e+31;7.961314590657216e+16;2821580158.4674525;95542.5783333691;267909.0;193637.0;184193.0;99485.0;425282.0;7391.0;99
;;;;269097.0;194190.0;184543.0;99844.0;440215.0;7409.0;100
;;;;270104.0;194815.0;184861.0;100232.0;456183.0;7411.0;101
;;;;271158.0;195179.0;185416.0;100638.0;473105.0;7461.0;102
;;;;272046.0;195980.0;185674.0;101026.0;490401.0;7474.0;103
;;;;272853.0;196477.0;186022.0;101341.0;508953.0;7492.0;104
;;;;273881.0;196867.0;186269.0;101649.0;528859.0;7521.0;105
;;;;274964.0;197003.0;186461.0;102004.0;548318.0;7558.0;106
;;;;275964.0;197666.0;186839.0;102322.0;566840.0;7595.0;107
;;;;276984.0;198155.0;187184.0;102642.0;585481.0;7601.0;108
;;;;277970.0;198741.0;187764.0;102936.0;604641.0;7686.0;109
;;;;278636.0;199528.0;188534.0;103263.0;625544.0;7764.0;110
;;;;279260.0;200147.0;189135.0;103665.0;648315.0;7834.0;111
;;;;280152.0;200490.0;189822.0;103978.0;673165.0;7920.0;112
;;;;281034.0;200632.0;190359.0;104274.0;697413.0;8001.0;113
;;;;281810.0;201330.0;190862.0;104608.0;719664.0;8066.0;114
;;;;282507.0;201598.0;191449.0;104830.0;742417.0;8260.0;115
;;;;283148.0;201853.0;192079.0;105179.0;767296.0;8443.0;116
;;;;283782.0;203116.0;192556.0;105497.0;793802.0;8583.0;117
;;;;284189.0;203564.0;193243.0;105725.0;820916.0;8755.0;118
;;;;284809.0;203157.0;193499.0;105882.0;849522.0;8886.0;119
;;;;285213.0;203802.0;193761.0;106234.0;878254.0;9056.0;120
;;;;285276.0;204244.0;194259.0;106547.0;906752.0;9374.0;121
;;;;285282.0;205234.0;194725.0;106868.0;936181.0;9553.0;122
;;;;285784.0;205773.0;195228.0;107202.0;968857.0;9797.0;123
;;;;286409.0;206312.0;195674.0;107550.0;1003832.0;9980.0;124
;;;;286928.0;206670.0;196096.0;107790.0;1039084.0;10251.0;125
;;;;287281.0;206682.0;196335.0;108004.0;1077781.0;10487.0;126
;;;;287865.0;207700.0;196554.0;108546.0;1118206.0;10810.0;127
;;;;288507.0;208154.0;196944.0;108972.0;1155338.0;11233.0;128
;;;;289150.0;208976.0;197341.0;109378.0;1193078.0;11441.0;129
;;;;289674.0;209420.0;197783.0;109860.0;1238798.0;11802.0;130
;;;;290500.0;210135.0;198178.0;110389.0;1288108.0;12069.0;131
;;;;291150.0;210386.0;198556.0;110773.0;1337024.0;12428.0;132
;;;;291683.0;210402.0;198804.0;111026.0;1385635.0;12894.0;133
;;;;292927.0;211825.0;198963.0;111821.0;1435616.0;13302.0;134
;;;;293465.0;211887.0;199375.0;112281.0;1480073.0;13595.0;135
;;;;294110.0;212614.0;199726.0;112663.0;1531669.0;13950.0;136
;;;;294797.0;213183.0;200260.0;113399.0;1581963.0;14403.0;137
;;;;295628.0;214009.0;200843.0;113836.0;1634746.0;14935.0;138
;;;;296354.0;214174.0;201372.0;114172.0;1695988.0;15303.0;139
;;;;296940.0;214178.0;201574.0;114479.0;1750723.0;15582.0;140
;;;;297385.0;216089.0;201823.0;115110.0;1803695.0;16298.0;141
;;;;297948.0;216684.0;202345.0;115487.0;1855745.0;16903.0;142
;;;;298727.0;217605.0;202799.0;115988.0;1908254.0;17280.0;143
;;;;299495.0;218841.0;203368.0;116434.0;1964536.0;17895.0;144
;;;;300265.0;219932.0;204183.0;116886.0;2027074.0;18318.0;145
;;;;301016.0;220016.0;204964.0;117140.0;2088611.0;18730.0;146
;;;;301704.0;220020.0;205269.0;117324.0;2153010.0;19445.0;147
;;;;302254.0;222508.0;205609.0;117591.0;2215074.0;19890.0;148
;;;;303058.0;223072.0;206242.0;118280.0;2268675.0;20272.0;149
;;;;303906.0;224542.0;206926.0;118638.0;2329638.0;20698.0;150
;;;;304789.0;225936.0;207828.0;118971.0;2396637.0;21084.0;151
;;;;305558.0;227239.0;208698.0;119413.0;2461190.0;21397.0;152
;;;;306305.0;227301.0;209653.0;119652.0;2525922.0;21713.0;153
;;;;307244.0;227304.0;209893.0;119875.0;2589952.0;22127.0;154
;;;;307915.0;230665.0;210402.0;120458.0;2647663.0;22358.0;155
;;;;308823.0;231636.0;211281.0;120820.0;2702681.0;22742.0;156
;;;;309786.0;233344.0;212022.0;121153.0;2767253.0;23035.0;157
;;;;310687.0;234945.0;213067.0;121647.0;2836925.0;23287.0;158
;;;;311453.0;237332.0;214214.0;122059.0;2905825.0;23558.0;159
;;;;312566.0;237402.0;215336.0;122269.0;2975701.0;23773.0;160
;;;;313384.0;237408.0;215891.0;122444.0;3044940.0;23989.0;161
;;;;314534.0;242168.0;216327.0;122648.0;3106348.0;24236.0;162
;;;;315569.0;243576.0;217293.0;123551.0;3167323.0;24407.0;163
;;;;316719.0;246180.0;218519.0;123906.0;3224547.0;24602.0;164
;;;;318178.0;248850.0;219964.0;124152.0;3310234.0;24811.0;165
;;;;319223.0;251764.0;221413.0;124857.0;3387500.0;24915.0;166
;;;;320336.0;254974.0;222828.0;125060.0;3463972.0;25053.0;167
;;;;321055.0;257994.0;223453.0;125323.0;3542733.0;25204.0;168
;;;;322170.0;258629.0;224014.0;126064.0;3621245.0;25322.0;169
;;;;322998.0;260748.0;225404.0;126435.0;3691166.0;25448.0;170
;;;;324194.0;264535.0;226914.0;126919.0;3769523.0;25547.0;171
;;;;325255.0;269335.0;228621.0;127394.0;3853406.0;25670.0;172
;;;;326587.0;274289.0;230048.0;127956.0;3936747.0;25746.0;173
;;;;327637.0;277763.0;232082.0;128283.0;4023179.0;25819.0;174
;;;;328612.0;282498.0;232864.0;128561.0;4113811.0;25923.0;175
;;;;329809.0;284474.0;233575.0;129594.0;4204613.0;26049.0;176
;;;;330955.0;288067.0;234853.0;130131.0;4280422.0;26136.0;177
;;;;332499.0;288354.0;236429.0;130698.0;4370128.0;26207.0;178
;;;;333796.0;299580.0;237936.0;131350.0;4465863.0;26278.0;179
;;;;334907.0;307205.0;239507.0;131988.0;4562414.0;26321.0;180
;;;;336661.0;312665.0;240986.0;132368.0;4659984.0;26373.0;181
;;;;338076.0;318047.0;241771.0;132799.0;4754356.0;26465.0;182
;;;;339403.0;321160.0;242381.0;133216.0;4846427.0;26524.0;183
;;;;340918.0;326264.0;243599.0;134694.0;4930236.0;26564.0;184
;;;;342698.0;333351.0;244855.0;135200.0;5020359.0;26607.0;185
;;;;344680.0;340473.0;246166.0;136182.0;5118253.0;26651.0;186
;;;;346507.0;349333.0;247619.0;136997.0;5214677.0;26692.0;187
;;;;349499.0;357927.0;248997.0;137636.0;5308014.0;26739.0;188
;;;;352450.0;364943.0;249985.0;138212.0;5400619.0;26778.0;189
;;;;354932.0;369209.0;250799.0;139541.0;5487580.0;26813.0;190
;;;;357611.0;375947.0;252298.0;140471.0;5562663.0;26861.0;191
;;;;360545.0;384546.0;253474.0;141475.0;5646010.0;26885.0;192
;;;;364088.0;394308.0;255366.0;142590.0;5732518.0;26898.0;193
;;;;367593.0;403837.0;256850.0;143871.0;5818570.0;26912.0;194
;;;;370932.0;415174.0;258480.0;144837.0;5903932.0;26942.0;195
;;;;373559.0;421519.0;259428.0;145771.0;5992532.0;26972.0;196
;;;;376669.0;427839.0;260355.0;147451.0;6074702.0;26980.0;197
;;;;380678.0;435665.0;261762.0;148664.0;6145291.0;27000.0;198
;;;;384086.0;445932.0;263663.0;150089.0;6225763.0;27016.0;199
;;;;388417.0;456171.0;265857.0;151519.0;6312584.0;27040.0;200
;;;;392847.0;469404.0;267773.0;153313.0;6394068.0;27044.0;201
;;;;396748.0;482964.0;270070.0;154946.0;6473544.0;27055.0;202
;;;;401121.0;493500.0;271415.0;156404.0;6549373.0;27078.0;203
;;;;406058.0;499039.0;272337.0;158607.0;6623815.0;27096.0;204
;;;;412245.0;509123.0;274158.0;160539.0;6685082.0;27109.0;205
;;;;418890.0;522355.0;275927.0;162560.0;6757131.0;27121.0;206
;;;;425767.0;538264.0;278070.0;164444.0;6835655.0;27135.0;207
;;;;431817.0;554368.0;280223.0;166611.0;6906151.0;27148.0;208
;;;;437522.0;568588.0;282730.0;168372.0;6979423.0;27173.0;209
;;;;441571.0;579223.0;284140.0;170033.0;7053806.0;27181.0;210
;;;;448728.0;583522.0;285332.0;172452.0;7120538.0;27206.0;211
;;;;455847.0;591527.0;287421.0;174611.0;7175880.0;27226.0;212
;;;;462780.0;605893.0;289219.0;176719.0;7239389.0;27244.0;213
;;;;469768.0;618918.0;291722.0;179121.0;7307097.0;27263.0;214
;;;;482652.0;631354.0;294395.0;181576.0;7370468.0;27285.0;215
;;;;505621.0;647868.0;296958.0;183330.0;7432680.0;27310.0;216
;;;;518218.0;660372.0;299237.0;185227.0;7494551.0;27337.0;217
;;;;532770.0;666011.0;300619.0;186752.0;7550273.0;27357.0;218
;;;;546946.0;677321.0;303258.0;190222.0;7597063.0;27371.0;219
;;;;564500.0;696274.0;306086.0;192761.0;7651107.0;27378.0;220
;;;;578392.0;713676.0;310144.0;195254.0;7706946.0;27390.0;221
;;;;593569.0;734707.0;314660.0;197694.0;7761312.0;27399.0;222
;;;;606460.0;761384.0;319381.0;199477.0;7814682.0;27405.0;223
;;;;620443.0;777378.0;322864.0;201410.0;7864811.0;27443.0;224
;;;;637692.0;786590.0;325331.0;204551.0;7909959.0;27458.0;225
;;;;657454.0;800216.0;329453.0;207029.0;7946429.0;27476.0;226
;;;;676452.0;823181.0;334585.0;209687.0;7990322.0;27495.0;227
;;;;692110.0;852938.0;341223.0;212235.0;8040203.0;27513.0;228
;;;;708298.0;878572.0;348557.0;215340.0;8088851.0;27525.0;229
;;;;725292.0;910711.0;356387.0;217354.0;8137119.0;27539.0;230
;;;;744113.0;940548.0;361974.0;219284.0;8184082.0;27553.0;231
;;;;765484.0;954838.0;366299.0;223514.0;8229313.0;27565.0;232
;;;;792189.0;975214.0;373167.0;226263.0;8267623.0;27579.0;233
;;;;813444.0;1002624.0;380762.0;229139.0;8313876.0;27585.0;234
;;;;834000.0;1043437.0;392049.0;232095.0;8364086.0;27595.0;235
;;;;857042.0;1086286.0;403291.0;235522.0;8411724.0;27601.0;236
;;;;876846.0;1131551.0;418005.0;237844.0;8462080.0;27610.0;237
;;;;897751.0;1138167.0;429181.0;240361.0;8507754.0;27622.0;238
;;;;920655.0;1211177.0;437866.0;243665.0;8553657.0;27630.0;239
;;;;945369.0;1245635.0;449275.0;248386.0;8591730.0;27644.0;240
;;;;968449.0;1283185.0;464239.0;251245.0;8636011.0;27652.0;241
;;;;992867.0;1329821.0;481013.0;255285.0;8683916.0;27658.0;242
;;;;1014788.0;1379295.0;499694.0;260094.0;8728795.0;27665.0;243
;;;;1038056.0;1414396.0;518753.0;264324.0;8773479.0;27669.0;244
;;;;1057029.0;1460575.0;532930.0;268276.0;8814579.0;27671.0;245
;;;;1077077.0;1566666.0;545027.0;273167.0;8845127.0;27675.0;246
;;;;1102279.0;1639267.0;560379.0;277808.0;8874290.0;27676.0;247
;;;;1126445.0;1593146.0;577593.0;281928.0;8912907.0;27682.0;248
;;;;1149764.0;1650966.0;597583.0;287419.0;8958483.0;27711.0;249
;;;;1174762.0;1711918.0;619089.0;292283.0;9004365.0;27749.0;250
;;;;1195358.0;1798573.0;642488.0;296568.0;9050597.0;27758.0;251
;;;;1216733.0;1837135.0;658505.0;300673.0;9095806.0;27777.0;252
;;;;1237166.0;1858559.0;671868.0;306491.0;9139865.0;27785.0;253
;;;;1260167.0;1881172.0;687200.0;310914.0;9177840.0;27792.0;254
;;;;1293684.0;1917578.0;705687.0;315628.0;9222216.0;27806.0;255
;;;;1321014.0;1950136.0;727553.0;320643.0;9266705.0;27821.0;256
;;;;1347907.0;1974271.0;751095.0;325716.0;9309787.0;27834.0;257
;;;;1372897.0;2006228.0;773556.0;330545.0;9351109.0;27843.0;258
;;;;1394284.0;2033420.0;790503.0;335179.0;9392919.0;27853.0;259
;;;;1414355.0;2043470.0;801327.0;341951.0;9431691.0;27865.0;260
;;;;1433987.0;2089073.0;815746.0;347381.0;9462809.0;27873.0;261
;;;;1456919.0;2117917.0;833307.0;353026.0;9499413.0;27886.0;262
;;;;1477203.0;2138706.0;855916.0;358888.0;9534964.0;27892.0;263
;;;;1497125.0;2161970.0;879564.0;364757.0;9571559.0;27902.0;264
;;;;1515805.0;2179640.0;902528.0;370341.0;9608211.0;27912.0;265
;;;;1531278.0;2192770.0;918269.0;375794.0;9644222.0;27923.0;266
;;;;1542599.0;2197832.0;929133.0;383468.0;9677203.0;27939.0;267
;;;;1560846.0;2207753.0;942687.0;389268.0;9703770.0;27949.0;268
;;;;1578410.0;2224508.0;961320.0;395636.0;9735850.0;27956.0;269
;;;;1593194.0;2237509.0;983588.0;402165.0;9767371.0;27965.0;270
;;;;1609110.0;2250283.0;1006394.0;408988.0;9796744.0;27972.0;271
;;;;1621304.0;2262760.0;1028089.0;415171.0;9826775.0;27987.0;272
;;;;1633679.0;2272523.0;1042700.0;421102.0;9857029.0;27993.0;273
;;;;1647165.0;2276830.0;1053869.0;428917.0;9884100.0;28000.0;274
;;;;1663373.0;2285273.0;1067473.0;435178.0;9906165.0;28011.0;275
;;;;1678298.0;2299501.0;1084743.0;441542.0;9932547.0;28025.0;276
;;;;1694679.0;2312288.0;1106789.0;448106.0;9956557.0;28030.0;277
;;;;1710295.0;2323799.0;1130238.0;455124.0;9979447.0;28037.0;278
;;;;1727639.0;2336681.0;1153556.0;461298.0;10004599.0;28048.0;279
;;;;1742405.0;2347630.0;1171323.0;467290.0;10031223.0;28060.0;280
;;;;1754821.0;2351041.0;1183655.0;475836.0;10055560.0;28072.0;281
;;;;1771444.0;2365085.0;1197709.0;482187.0;10075116.0;28093.0;282
;;;;1792522.0;2379760.0;1218524.0;489005.0;10099066.0;28126.0;283
;;;;1814281.0;2393632.0;1242203.0;496390.0;10123778.0;28168.0;284
;;;;1835826.0;2407121.0;1272078.0;503584.0;10146845.0;28198.0;285
;;;;1854353.0;2421068.0;1300516.0;509757.0;10169118.0;28219.0;286
;;;;1874725.0;2432601.0;1320716.0;515826.0;10187850.0;28237.0;287
;;;;1893323.0;2435793.0;1337078.0;523454.0;10207871.0;28262.0;288
;;;;1918585.0;2447518.0;1351510.0;529978.0;10224303.0;28274.0;289
;;;;1954080.0;2465238.0;1379238.0;536667.0;10244852.0;28297.0;290
;;;;1982748.0;2483636.0;1406161.0;543020.0;10266674.0;28308.0;291
;;;;2009960.0;2499511.0;1439938.0;548944.0;10286709.0;28337.0;292
;;;;2046066.0;2516939.0;1471238.0;554321.0;10305788.0;28349.0;293
;;;;2079512.0;2529797.0;1494009.0;559865.0;10323965.0;28381.0;294
;;;;2116521.0;2535757.0;1510652.0;566135.0;10340469.0;28405.0;295
;;;;2155880.0;2547618.0;1530180.0;575540.0;10356844.0;28425.0;296
;;;;2195066.0;2562604.0;1554920.0;583254.0;10374932.0;28460.0;297
;;;;2227935.0;2584322.0;1587115.0;590249.0;10395278.0;28484.0;298
;;;;2262772.0;2604584.0;1612648.0;596582.0;10413417.0;28504.0;299
;;;;2295208.0;2607677.0;1627103.0;602396.0;10413417.0;28517.0;300
;;;;2336655.0;2616544.0;1640858.0;612021.0;10450284.0;28536.0;301
;;;;2389942.0;2619650.0;1651834.0;621738.0;10466595.0;28546.0;302
;;;;2440180.0;2631144.0;1664726.0;629266.0;10479179.0;28571.0;303
;;;;2496187.0;2657658.0;1687185.0;638177.0;10495147.0;28582.0;304
;;;;2549671.0;2677660.0;1719737.0;647408.0;10512093.0;28595.0;305
;;;;2607548.0;2697018.0;1742661.0;656298.0;10527683.0;28614.0;306
;;;;2662664.0;2700484.0;1755351.0;663188.0;10542841.0;28634.0;307
;;;;2721583.0;2712975.0;1765666.0;669592.0;10557985.0;28650.0;308
;;;;2782676.0;2717059.0;1775513.0;677012.0;10571773.0;28660.0;309
;;;;2845230.0;2737892.0;1787410.0;683815.0;10581823.0;28669.0;310
;;;;2898028.0;2763078.0;1808647.0;690906.0;10595639.0;28689.0;311
;;;;2966224.0;2784845.0;1835038.0;697925.0;10610883.0;28708.0;312
;;;;3026299.0;2804705.0;1866887.0;704874.0;10625428.0;28721.0;313
;;;;3081319.0;2824882.0;1891581.0;710675.0;10639684.0;28731.0;314
;;;;3127617.0;2840826.0;1908527.0;715556.0;10654533.0;28740.0;315
;;;;3173273.0;2844642.0;1921024.0;721601.0;10667736.0;28749.0;316
;;;;3220936.0;2864399.0;1933826.0;726918.0;10676838.0;28755.0;317
;;;;3269737.0;2888331.0;1953426.0;732755.0;10689527.0;28760.0;318
;;;;3325623.0;2909666.0;1978590.0;738597.0;10701193.0;28766.0;319
;;;;3367060.0;2930983.0;2000958.0;744265.0;10720048.0;28777.0;320
;;;;3405734.0;2952392.0;2019636.0;748567.0;10733130.0;28780.0;321
;;;;3443344.0;2969034.0;2033518.0;752507.0;10746174.0;28786.0;322
;;;;3476787.0;2972832.0;2040659.0;757859.0;10757610.0;28794.0;323
;;;;3515776.0;2996855.0;2052028.0;762223.0;10766245.0;28799.0;324
;;;;3553757.0;3023613.0;2068002.0;766674.0;10777284.0;28806.0;325
;;;;3594084.0;3046323.0;2088400.0;771318.0;10790183.0;28811.0;326
;;;;3627726.0;3069647.0;2106262.0;776010.0;10802591.0;28818.0;327
;;;;3657825.0;3093740.0;2122679.0;779713.0;10814304.0;28823.0;328
;;;;3680056.0;3112176.0;2134936.0;782916.0;10826363.0;28829.0;329
;;;;3700254.0;3116477.0;2141665.0;786927.0;10838194.0;28838.0;330
;;;;3725610.0;3138619.0;2148077.0;790557.0;10847304.0;28842.0;331
;;;;3754419.0;3165570.0;2161275.0;794158.0;10858371.0;28848.0;332
;;;;3783592.0;3189378.0;2178828.0;798087.0;10871294.0;28851.0;333
;;;;3806947.0;3212613.0;2192850.0;802051.0;10880603.0;28857.0;334
;;;;3828131.0;3236658.0;2205171.0;805022.0;10892746.0;28860.0;335
;;;;3846807.0;3255994.0;2216363.0;807600.0;10904940.0;28871.0;336
;;;;3863721.0;3260382.0;2221971.0;811108.0;10916589.0;28879.0;337
;;;;3882972.0;3283719.0;2228085.0;814055.0;10925710.0;28887.0;338
;;;;3903704.0;3310125.0;2237790.0;817664.0;10937320.0;28892.0;339
;;;;3922893.0;3310145.0;2252001.0;821040.0;10950201.0;28898.0;340
;;;;3941250.0;3355752.0;2264909.0;824350.0;10963394.0;28900.0;341
;;;;3957167.0;3376340.0;2275394.0;826871.0;10977387.0;28905.0;342
;;;;3971294.0;3396055.0;2284010.0;829081.0;10991651.0;28911.0;343
;;;;3983736.0;3400398.0;2288545.0;831049.0;11005850.0;28912.0;344
;;;;3996819.0;3419418.0;2291924.0;835027.0;11016434.0;28918.0;345
;;;;4010365.0;3444827.0;2299996.0;837888.0;11030176.0;28920.0;346
;;;;4025556.0;3465903.0;2310233.0;841338.0;11046914.0;28926.0;347
;;;;4038916.0;3486612.0;2320093.0;844483.0;11063491.0;28930.0;348
;;;;4049910.0;3507843.0;2328447.0;847056.0;11079979.0;28937.0;349
;;;;4059691.0;3524518.0;2334561.0;849464.0;11096731.0;28939.0;350
;;;;4070329.0;3528924.0;2338987.0;853038.0;11112241.0;28947.0;351
;;;;4083089.0;3548520.0;2342843.0;856061.0;11124527.0;28957.0;352
;;;;4095185.0;3573560.0;2350399.0;859120.0;11139516.0;28965.0;353
;;;;4107281.0;3596078.0;2360606.0;862273.0;11156923.0;28970.0;354
;;;;4117737.0;3620205.0;2369719.0;865388.0;11173761.0;28978.0;355
;;;;4127575.0;3642576.0;2378883.0;867890.0;11192045.0;28986.0;356
;;;;4138231.0;3664622.0;2386559.0;870027.0;11210799.0;28996.0;357
;;;;4146758.0;3669276.0;2390928.0;873539.0;11229398.0;29007.0;358
;;;;4156704.0;3689469.0;2394811.0;876593.0;11244786.0;29021.0;359
;;;;4166724.0;3720996.0;2402818.0;879545.0;11262707.0;29029.0;360
;;;;4175311.0;3746410.0;2414687.0;882784.0;11285561.0;29034.0;361
;;;;4182769.0;3771626.0;2424684.0;886099.0;11308846.0;29046.0;362
;;;;4188823.0;3795736.0;2434446.0;888753.0;11333728.0;29061.0;363
;;;;4194287.0;3815688.0;2442336.0;891122.0;11359048.0;29074.0;364
;;;;4200697.0;3820418.0;2447068.0;894888.0;11385339.0;29090.0;365
;;;;4207117.0;3843290.0;2451011.0;897919.0;11409831.0;29102.0;366
;;;;4213760.0;3870101.0;2460030.0;901129.0;11438734.0;29112.0;367
;;;;4219786.0;3895387.0;2471942.0;904567.0;11474605.0;29117.0;368
;;;;4225904.0;3918894.0;2482522.0;908338.0;11514331.0;29130.0;369
;;;;4231165.0;3942286.0;2492079.0;911154.0;11555284.0;29137.0;370
;;;;4235987.0;3964121.0;2500182.0;913557.0;11599130.0;29154.0;371
;;;;4241855.0;3969673.0;2505193.0;917442.0;11646081.0;29166.0;372
;;;;4247877.0;3992853.0;2509445.0;920920.0;11686796.0;29183.0;373
;;;;4254712.0;4022514.0;2518591.0;924550.0;11734058.0;29192.0;374
;;;;4261396.0;4050606.0;2532947.0;928477.0;11787534.0;29196.0;375
;;;;4267013.0;4075681.0;2545781.0;932824.0;11846652.0;29206.0;376
;;;;4271708.0;4105444.0;2558455.0;936143.0;11908910.0;29211.0;377
;;;;4276838.0;4131895.0;2569245.0;939250.0;11971624.0;29221.0;378
;;;;4282200.0;4138369.0;2575849.0;944337.0;12039644.0;29230.0;379
;;;;4287993.0;4168396.0;2581329.0;948381.0;12095855.0;29239.0;380
;;;;4294326.0;4206916.0;2594764.0;953378.0;12149335.0;29252.0;381
;;;;4299198.0;4241990.0;2612268.0;958545.0;12221665.0;29259.0;382
;;;;4304837.0;4277108.0;2629750.0;964156.0;12303131.0;29276.0;383
;;;;4310193.0;4312451.0;2645783.0;968278.0;12392260.0;29296.0;384
;;;;4315600.0;4343115.0;2659516.0;972306.0;12485509.0;29304.0;385
;;;;4321016.0;4358924.0;2667225.0;978915.0;12589067.0;29322.0;386
;;;;4326643.0;4373620.0;2674710.0;984149.0;12686049.0;29333.0;387
;;;;4332920.0;4439011.0;2690523.0;990667.0;12801785.0;29341.0;388
;;;;4339155.0;4484672.0;2713180.0;997021.0;12928574.0;29348.0;389
;;;;4343064.0;4526554.0;2734753.0;1001640.0;13060542.0;29357.0;390
;;;;4347011.0;4569179.0;2755225.0;1007602.0;13205926.0;29365.0;391
;;;;4351795.0;4606307.0;2772401.0;1011983.0;13358805.0;29379.0;392
;;;;4355864.0;4615413.0;2782273.0;1019498.0;13527717.0;29385.0;393
;;;;4359979.0;4646136.0;2791822.0;1030679.0;13689453.0;29390.0;394
;;;;4364544.0;4705186.0;2808873.0;1038835.0;13873825.0;29396.0;395
;;;;4367967.0;4755862.0;2833173.0;1047710.0;14074564.0;29405.0;396
;;;;4371391.0;4802545.0;2855061.0;1056903.0;14291917.0;29419.0;397
;;;;4373796.0;4802711.0;2873190.0;1064868.0;14526609.0;29429.0;398
;;;;4376627.0;4883346.0;2885386.0;1072053.0;14788003.0;29450.0;399
;;;;4379031.0;4894139.0;2893883.0;1082424.0;15061805.0;29469.0;400
;;;;4381828.0;4902195.0;2900768.0;1090620.0;15320972.0;29484.0;401
;;;;4384952.0;4903122.0;2910445.0;1099984.0;15616130.0;29499.0;402
;;;;4380165.0;5000155.0;2930852.0;1109740.0;15930774.0;29519.0;403
;;;;4382878.0;5000319.0;2956316.0;1118008.0;16263695.0;29533.0;404
;;;;4384608.0;5001723.0;2980413.0;1125836.0;16610481.0;29556.0;405
;;;;4388294.0;5119625.0;2998268.0;1133027.0;16960172.0;29576.0;406
;;;;4390798.0;5128175.0;3011513.0;1142631.0;17313163.0;29594.0;407
;;;;4393328.0;5167305.0;3022323.0;1150534.0;17636186.0;29638.0;408
;;;;4396095.0;5210812.0;3044016.0;1158750.0;17997113.0;29653.0;409
;;;;4398902.0;5248857.0;3073442.0;1167783.0;18376421.0;29663.0;410
;;;;4401175.0;5285307.0;3099273.0;1176009.0;18762976.0;29680.0;411
;;;;4403059.0;5321180.0;3123077.0;1183193.0;19164969.0;29717.0;412
;;;;4406113.0;5350558.0;3142262.0;1189794.0;19557457.0;29750.0;413
;;;;4408644.0;5357266.0;3153699.0;1198440.0;19925517.0;29773.0;414
;;;;4411066.0;5401341.0;3163308.0;1205943.0;20282833.0;29798.0;415
;;;;4413832.0;5436265.0;3188192.0;1214212.0;20664979.0;29811.0;416
;;;;4416530.0;5469669.0;3217710.0;1222570.0;21077410.0;29824.0;417
;;;;4418652.0;5502009.0;3245253.0;1230536.0;21491598.0;29838.0;418
;;;;4420385.0;5534651.0;3268645.0;1238302.0;21892676.0;29850.0;419
;;;;4422504.0;5559156.0;3287418.0;1244440.0;22296081.0;29865.0;420
;;;;4425202.0;5565113.0;3299325.0;1252756.0;22662575.0;29884.0;421
;;;;4427389.0;5595437.0;3310301.0;1259657.0;22992517.0;29893.0;422
;;;;4429848.0;5626979.0;3332532.0;1267376.0;23340938.0;29906.0;423
;;;;4432245.0;5653526.0;3357268.0;1275459.0;23703665.0;29922.0;424
;;;;4434156.0;5677829.0;3381597.0;1283205.0;24046809.0;29931.0;425
;;;;4435830.0;5703499.0;3400532.0;1289684.0;24372907.0;29938.0;426
;;;;4437504.0;5713420.0;3416822.0;1295219.0;24684077.0;29946.0;427
;;;;4439487.0;5717187.0;3425982.0;1302160.0;24965463.0;29955.0;428
;;;;4441642.0;5741564.0;3433516.0;1308242.0;25228996.0;29957.0;429
;;;;4444260.0;5767568.0;3451550.0;1314856.0;25496330.0;29964.0;430
;;;;4446750.0;5789281.0;3473503.0;1321208.0;25772440.0;29975.0;431
;;;;4448806.0;5808420.0;3491988.0;1327214.0;26031991.0;29978.0;432
;;;;4450577.0;5829199.0;3507673.0;1332007.0;26289290.0;29983.0;433
;;;;4452954.0;5838327.0;3520329.0;1336276.0;26530132.0;29992.0;434
;;;;4455444.0;5841626.0;3527251.0;1341272.0;26752447.0;29995.0;435
;;;;4457741.0;5861417.0;3533376.0;1345649.0;26948874.0;29999.0;436
;;;;4460404.0;5882915.0;3548285.0;1350639.0;27157795.0;30003.0;437
;;;;4462602.0;5902376.0;3565704.0;1355117.0;27369093.0;30007.0;438
;;;;4464662.0;5909419.0;3577040.0;1359588.0;27555457.0;30019.0;439
;;;;4466589.0;5925104.0;3584934.0;1363020.0;27729247.0;30029.0;440
;;;;4468580.0;5939130.0;3593434.0;1365851.0;27894800.0;30046.0;441
;;;;4466218.0;5942481.0;3598846.0;1368224.0;28047534.0;30063.0;442
;;;;4468364.0;5959704.0;3603055.0;1371721.0;28175044.0;30074.0;443
;;;;4471063.0;5978761.0;3614095.0;1374572.0;28307832.0;30083.0;444
;;;;4473772.0;5629921.0;3626393.0;1377598.0;28441986.0;30096.0;445
;;;;4476296.0;5642724.0;3635162.0;1380542.0;28574350.0;30105.0;446
;;;;4478391.0;5655335.0;3642244.0;1382890.0;28694879.0;30118.0;447
;;;;4480757.0;5665101.0;3648958.0;1384742.0;28809339.0;30124.0;448
;;;;4483175.0;5667331.0;3651640.0;1387092.0;28909975.0;30137.0;449
;;;;4486166.0;5670486.0;3653551.0;1388921.0;28996473.0;30141.0;450
;;;;4489550.0;5683143.0;3656177.0;1391117.0;29089069.0;30157.0;451
;;;;4493580.0;5697076.0;3662490.0;1393272.0;29182532.0;30173.0;452
;;;;4496821.0;5708350.0;3669870.0;1395085.0;29274823.0;30191.0;453
;;;;4499935.0;5719877.0;3675296.0;1396586.0;29359155.0;30205.0;454
;;;;4503229.0;5728539.0;3679148.0;1397774.0;29439989.0;30210.0;455
;;;;4506331.0;5728909.0;3681126.0;1399237.0;29510410.0;30225.0;456
;;;;4510595.0;5738762.0;3682911.0;1400611.0;29570881.0;30228.0;457
;;;;4515776.0;5740116.0;3687828.0;1402184.0;29633105.0;30234.0;458
;;;;4521920.0;5755675.0;3692468.0;1403622.0;29700313.0;30248.0;459
;;;;4527575.0;5762633.0;3695633.0;1404971.0;29762793.0;30262.0;460
;;;;4532801.0;5769287.0;3697927.0;1406133.0;29823546.0;30273.0;461
;;;;4538391.0;5774467.0;3700367.0;1407055.0;29881772.0;30286.0;462
;;;;4544370.0;5775641.0;3701484.0;1408107.0;29935221.0;30301.0;463
;;;;4551689.0;5781662.0;3702688.0;1409077.0;29977861.0;30309.0;464
;;;;4558927.0;5787231.0;3705942.0;1410095.0;30028709.0;30322.0;465
;;;;4566895.0;5791714.0;3709129.0;1411193.0;30082778.0;30331.0;466
;;;;4574453.0;5795593.0;3711569.0;1412182.0;30134445.0;30355.0;467
;;;;4581778.0;5799565.0;3713480.0;1412925.0;30183143.0;30366.0;468
;;;;4589397.0;5802538.0;3714969.0;1413544.0;30233183.0;30380.0;469
;;;;4596992.0;5803236.0;3715518.0;1414228.0;30279331.0;30404.0;470
;;;;4605811.0;5806479.0;3716170.0;1414880.0;30316897.0;30424.0;471
;;;;4616623.0;5809543.0;3717625.0;1415589.0;30362848.0;30457.0;472
;;;;4626912.0;5811592.0;3718955.0;1416297.0;30411634.0;30499.0;473
;;;;4636990.0;5814779.0;3720031.0;1416935.0;30458251.0;30528.0;474
;;;;4646067.0;5817403.0;3721139.0;1417455.0;30502362.0;30560.0;475
;;;;4656542.0;5819313.0;3721981.0;1417858.0;30545433.0;30602.0;476
;;;;4668030.0;5819809.0;3722327.0;1418570.0;30585229.0;30643.0;477
;;;;4683984.0;5822022.0;3722782.0;1419198.0;30619932.0;30684.0;478
;;;;4700708.0;5824352.0;3723798.0;1419748.0;30663665.0;30734.0;479
;;;;4716039.0;5826360.0;3724806.0;1420024.0;30709557.0;30753.0;480
;;;;4734015.0;5828348.0;3725580.0;1420680.0;30752950.0;30804.0;481
;;;;4748673.0;5830476.0;3726172.0;1421065.0;30795716.0;30831.0;482
;;;;4771347.0;5832110.0;3726710.0;1421358.0;30837222.0;30861.0;483
;;;;4791597.0;5832628.0;3726929.0;1421931.0;30874376.0;30903.0;484
;;;;4817245.0;5836023.0;3727333.0;1422336.0;30907282.0;30951.0;485
;;;;4844879.0;5837403.0;3728141.0;1422896.0;30946147.0;31015.0;486
;;;;4871745.0;5840067.0;3729033.0;1423419.0;30987880.0;31100.0;487
;;;;4896279.0;5842754.0;3729682.0;1423953.0;31026829.0;31221.0;488
;;;;4920252.0;5845760.0;3730353.0;1424300.0;31064908.0;31323.0;489
;;;;4947404.0;5848365.0;3730912.0;1424569.0;31106065.0;31429.0;490
;;;;4975843.0;5849167.0;3731124.0;1425023.0;31144229.0;31513.0;491
;;;;5007979.0;5852755.0;3731564.0;1425388.0;31174322.0;31626.0;492
;;;;5040082.0;5856838.0;3732549.0;1425712.0;31216337.0;31771.0;493
;;;;5075805.0;5861284.0;3733519.0;1426159.0;31257720.0;31899.0;494
;;;;5107813.0;5865864.0;3734468.0;1426525.0;31293062.0;32016.0;495
;;;;5139355.0;5870560.0;3735420.0;1426872.0;31332159.0;32120.0;496
;;;;5173845.0;5874874.0;3736165.0;1427163.0;31371901.0;32266.0;497
;;;;5210245.0;5876142.0;3736489.0;1427728.0;31411262.0;32426.0;498
;;;;5252448.0;5883100.0;3737135.0;1428083.0;31440951.0;32582.0;499
;;;;5301013.0;5884550.0;3738683.0;1428621.0;31484605.0;32753.0;500
;;;;5353033.0;5895608.0;3740325.0;1429015.0;31528114.0;32918.0;501
;;;;5407420.0;5906543.0;3741781.0;1429610.0;31572344.0;33082.0;502
;;;;5455699.0;5917548.0;3743389.0;1429984.0;31613993.0;33266.0;503
;;;;5495707.0;5930080.0;3744681.0;1430278.0;31655824.0;33473.0;504
;;;;5542334.0;5934273.0;3745227.0;1431222.0;31695958.0;33726.0;505
;;;;5586503.0;5952490.0;3746410.0;1431816.0;31726507.0;33909.0;506
;;;;5626513.0;5974063.0;3748613.0;1432659.0;31769132.0;34130.0;507
;;;;5662651.0;5996163.0;3750503.0;1433590.0;31812114.0;34383.0;508
;;;;5694455.0;6015572.0;3752592.0;1434495.0;31856757.0;34612.0;509
;;;;5723536.0;6041313.0;3754511.0;1434967.0;31895385.0;34836.0;510
;;;;5748230.0;6056555.0;3755898.0;1435347.0;31934455.0;35089.0;511
;;;;5771599.0;6061969.0;3756856.0;1435683.0;31969954.0;35391.0;512
;;;;5797332.0;6089097.0;3758401.0;1437712.0;31998158.0;35698.0;513
;;;;5828224.0;6117020.0;3761169.0;1438806.0;32036511.0;36051.0;514
;;;;5857556.0;6142449.0;3764311.0;1440396.0;32077706.0;36328.0;515
;;;;5883411.0;6166759.0;3766765.0;1442021.0;32117826.0;36630.0;516
;;;;5907641.0;6190621.0;3769165.0;1442740.0;32156493.0;37010.0;517
;;;;5930003.0;6210335.0;3771262.0;1443469.0;32192576.0;37377.0;518
;;;;5951686.0;6218927.0;3772109.0;1446326.0;32225513.0;37749.0;519
;;;;5980830.0;6243225.0;3773875.0;1447742.0;32250679.0;38165.0;520
;;;;6010860.0;6272466.0;3777446.0;1449822.0;32285857.0;38658.0;521
;;;;6042493.0;6299415.0;3780985.0;1451984.0;32322258.0;39097.0;522
;;;;6070872.0;6325146.0;3784433.0;1454422.0;32358829.0;39615.0;523
;;;;6098140.0;6351003.0;3787639.0;1455494.0;32393286.0;40097.0;524
;;;;6123155.0;6371463.0;3790766.0;1456421.0;32424234.0;40774.0;525
;;;;6146599.0;6378681.0;3791949.0;1460325.0;32449306.0;41521.0;526
;;;;6175995.0;6407573.0;3794429.0;1462314.0;32474773.0;42228.0;527
;;;;6208867.0;6440367.0;3799425.0;1464901.0;32512366.0;43119.0;528
;;;;6241384.0;6470038.0;3805063.0;1467812.0;32558530.0;44026.0;529
;;;;6270663.0;6497785.0;3810641.0;1470870.0;32603188.0;44920.0;530
;;;;6297179.0;6522212.0;3816285.0;1472305.0;32649947.0;45754.0;531
;;;;6325482.0;6543481.0;3821013.0;1473496.0;32695030.0;46725.0;532
;;;;6352222.0;6556878.0;3823139.0;1478327.0;32737939.0;47840.0;533
;;;;6386034.0;6582001.0;3827051.0;1480803.0;32768880.0;48816.0;534
;;;;6422475.0;6612028.0;3835375.0;1484277.0;32810845.0;49935.0;535
;;;;6459589.0;6637417.0;3843775.0;1487839.0;32857937.0;51256.0;536
;;;;6491525.0;6660365.0;3853055.0;1491594.0;32903289.0;52611.0;537
;;;;6523594.0;6683078.0;3861147.0;1493265.0;32945907.0;53868.0;538
;;;;6555372.0;6700378.0;3868197.0;1494699.0;32988673.0;55093.0;539
;;;;6586148.0;6708289.0;3871865.0;1501141.0;33027621.0;56560.0;540
;;;;6621763.0;6734203.0;3877612.0;1504290.0;33058843.0;58208.0;541
;;;;6659880.0;6757909.0;3889173.0;1508295.0;33096718.0;59949.0;542
;;;;6697720.0;6777592.0;3901799.0;1512352.0;33139981.0;61619.0;543
;;;;6729909.0;6778049.0;3913828.0;1516580.0;33174954.0;63155.0;544
;;;;6762927.0;6813680.0;3924131.0;1518280.0;33208330.0;64621.0;545
;;;;6789249.0;6827310.0;3932547.0;1520081.0;33236921.0;66317.0;546
;;;;6821318.0;6834998.0;3937106.0;1521585.0;33264175.0;68042.0;547
;;;;6856890.0;6835022.0;3942856.0;1530657.0;33289579.0;69912.0;548
;;;;6894873.0;6868151.0;3956387.0;1534594.0;33316755.0;71987.0;549
;;;;6937223.0;6882305.0;3970102.0;1538847.0;33347325.0;73603.0;550
;;;;6973996.0;6897529.0;3984353.0;1543498.0;33381728.0;75323.0;551
;;;;7010583.0;6910865.0;3995188.0;1544598.0;33417390.0;76901.0;552
;;;;7051461.0;6921275.0;4005641.0;1547391.0;33448163.0;78544.0;553
;;;;7089002.0;6924325.0;4010390.0;1556137.0;33478419.0;80400.0;554
;;;;7127601.0;6938866.0;4017116.0;1560385.0;33504534.0;82200.0;555
;;;;7165161.0;6944797.0;4030681.0;1564842.0;33531498.0;84056.0;556
;;;;7202170.0;6962917.0;4046112.0;1569508.0;33563421.0;85628.0;557
;;;;7231113.0;6972934.0;4059081.0;1574529.0;33594803.0;87128.0;558
;;;;7259792.0;6982683.0;4070295.0;1576527.0;33624419.0;88710.0;559
;;;;7290143.0;6990662.0;4077640.0;1578344.0;33652745.0;90369.0;560
;;;;7316895.0;6992980.0;4083151.0;1586910.0;33678786.0;92178.0;561
;;;;7346829.0;7007436.0;4089476.0;1590808.0;33697581.0;93942.0;562
;;;;7373422.0;7007819.0;4101931.0;1594936.0;33716451.0;95807.0;563
;;;;7405974.0;7022203.0;4114856.0;1599520.0;33739980.0;97559.0;564
;;;;7435493.0;7029959.0;4125878.0;1604053.0;33766707.0;99031.0;565
;;;;7464810.0;7037931.0;4134779.0;1605270.0;33791061.0;100911.0;566
;;;;7500714.0;7043875.0;4142116.0;1606382.0;33813903.0;102723.0;567
;;;;7531888.0;7045422.0;4145852.0;1617282.0;33834702.0;105123.0;568
;;;;7565724.0;7054198.0;4150516.0;1620909.0;33853048.0;107181.0;569
;;;;7601565.0;7061323.0;4160970.0;1625318.0;33871881.0;109516.0;570
;;;;7637276.0;7068630.0;4171666.0;1629026.0;33894312.0;111388.0;571
;;;;7667289.0;7075305.0;4181393.0;1634313.0;33915569.0;113411.0;572
;;;;7700384.0;7080675.0;4188604.0;1636101.0;33935309.0;115800.0;573
;;;;7737963.0;7085607.0;4196378.0;1637565.0;33953475.0;117826.0;574
;;;;7772759.0;7087110.0;4199400.0;1645564.0;33971607.0;120042.0;575
;;;;7808025.0;7094334.0;4203571.0;1648450.0;33985920.0;122566.0;576
;;;;7843855.0;7100572.0;4215351.0;1652285.0;34001743.0;125081.0;577
;;;;7878555.0;7106028.0;4227501.0;1656429.0;34020730.0;127471.0;578
;;;;7908101.0;7111154.0;4237619.0;1660537.0;34037592.0;129567.0;579
;;;;7937835.0;7116415.0;4246136.0;1662247.0;34053573.0;131415.0;580
;;;;7972302.0;7120214.0;4252300.0;1663816.0;34067719.0;133444.0;581
;;;;8005486.0;7121507.0;4255388.0;1665194.0;34081315.0;136188.0;582
;;;;8044408.0;7127454.0;4260187.0;1672313.0;34094373.0;138720.0;583
;;;;8084296.0;7137177.0;4271734.0;1674990.0;34108996.0;141031.0;584
;;;;8119411.0;7142387.0;4283378.0;1678339.0;34127450.0;143204.0;585
;;;;8158942.0;7147186.0;4293807.0;1681765.0;34143236.0;145263.0;586
;;;;8192634.0;7152009.0;4302661.0;1683342.0;34159562.0;147301.0;587
;;;;8232283.0;7156066.0;4310273.0;1684634.0;34175468.0;149398.0;588
;;;;8270131.0;7157206.0;4313384.0;1690065.0;34189774.0;151942.0;589
;;;;8311801.0;7163317.0;4318355.0;1692330.0;34202202.0;154489.0;590
;;;;8356546.0;7164924.0;4330258.0;1695134.0;34215653.0;156372.0;591
;;;;8400946.0;7174580.0;4342640.0;1697987.0;34231809.0;158546.0;592
;;;;8443898.0;7180773.0;4354158.0;1700568.0;34246157.0;160230.0;593
;;;;8488755.0;7185744.0;4365107.0;1702323.0;34260470.0;162016.0;594
;;;;8537615.0;7189566.0;4373789.0;1703819.0;34273300.0;163866.0;595
;;;;8581209.0;7190716.0;4377845.0;1707176.0;34285814.0;165904.0;596
;;;;8630019.0;7196754.0;4384616.0;1708983.0;34296237.0;167790.0;597
;;;;8681729.0;7202840.0;4401631.0;1711633.0;34308140.0;169379.0;598
;;;;8730733.0;7209126.0;4417708.0;1714281.0;34321025.0;170564.0;599
;;;;8775894.0;7215584.0;4437280.0;1716815.0;34333754.0;172030.0;600
;;;;8814789.0;7221941.0;4452425.0;1718603.0;34344683.0;173165.0;601
;;;;8851040.0;7226974.0;4466157.0;1720166.0;34355509.0;174276.0;602
;;;;8894807.0;7228331.0;4472730.0;1723169.0;34366987.0;175813.0;603
;;;;8938909.0;7235100.0;4483203.0;1725122.0;34377113.0;177393.0;604
;;;;8978370.0;7242180.0;4506415.0;1727520.0;34388579.0;178927.0;605
;;;;9021626.0;7248285.0;4534452.0;1730200.0;34401670.0;180314.0;606
;;;;9062715.0;7254779.0;4559120.0;1732770.0;34414186.0;181578.0;607
;;;;9100533.0;7262178.0;4580663.0;1734202.0;34426036.0;182870.0;608
;;;;9140352.0;7268527.0;4597550.0;1735435.0;34437307.0;184071.0;609
;;;;9174089.0;7270410.0;4607208.0;1739978.0;34447536.0;185627.0;610
;;;;9215691.0;7272516.0;4618021.0;1742460.0;34456401.0;187041.0;611
;;;;9252557.0;7282823.0;4638419.0;1745188.0;34466598.0;188493.0;612
;;;;9286511.0;7292220.0;4672368.0;1746806.0;34478517.0;189608.0;613
;;;;9317081.0;7301303.0;4709488.0;1750684.0;34489623.0;190603.0;614
;;;;9347062.0;7310967.0;4743490.0;1752129.0;34499925.0;191617.0;615
;;;;9379205.0;7319526.0;4767033.0;1753430.0;34510413.0;192845.0;616
;;;;9412197.0;7321767.0;4782546.0;1757456.0;34518901.0;194112.0;617
;;;;9451810.0;7334332.0;4804378.0;1759563.0;34526480.0;195617.0;618
;;;;9495255.0;7346277.0;4844054.0;1762176.0;34535763.0;196977.0;619
;;;;9534422.0;7358920.0;4894250.0;1765014.0;34544882.0;198442.0;620
;;;;9572415.0;7362807.0;4942890.0;1767773.0;34555431.0;199649.0;621
;;;;9608830.0;7377483.0;4987971.0;1769635.0;34563749.0;200651.0;622
;;;;9649092.0;7389989.0;5021469.0;1771105.0;34572523.0;202115.0;623
;;;;9686227.0;7393296.0;5045076.0;1775270.0;34580832.0;203642.0;624
;;;;9724444.0;7413180.0;5077124.0;1777648.0;34587822.0;205269.0;625
;;;;9772540.0;7433545.0;5129950.0;1780445.0;34596776.0;206749.0;626
;;;;9817330.0;7453941.0;5195321.0;1784842.0;34606541.0;207984.0;627
;;;;9857655.0;7475211.0;5248291.0;1787867.0;34615757.0;209139.0;628
;;;;9897448.0;7497912.0;5312215.0;1790069.0;34624360.0;210238.0;629
;;;;9942671.0;7517669.0;5354942.0;1791803.0;34624360.0;211655.0;630
;;;;9985536.0;7523008.0;5385585.0;1795577.0;34641561.0;213357.0;631
;;;;10028653.0;7553513.0;5430911.0;1798195.0;34648383.0;214879.0;632
;;;;10075820.0;7586146.0;5497795.0;1801609.0;34656822.0;216587.0;633
;;;;10125736.0;7619656.0;5573756.0;1804994.0;34666241.0;217836.0;634
;;;;10165777.0;7654128.0;5650170.0;1808631.0;34674643.0;219121.0;635
;;;;10202537.0;7691217.0;5717295.0;1811253.0;34682633.0;220555.0;636
;;;;10245033.0;7722804.0;5761696.0;1813563.0;34690510.0;222260.0;637
;;;;10285443.0;7731351.0;5791060.0;1818250.0;34697860.0;223914.0;638
;;;;10333452.0;7778575.0;5836813.0;1821505.0;34703644.0;225625.0;639
;;;;10386944.0;7829045.0;5903999.0;1825443.0;34710628.0;227382.0;640
;;;;10438148.0;7877490.0;5977208.0;1829958.0;34718602.0;228925.0;641
;;;;10479966.0;7927361.0;6051560.0;1833043.0;34726049.0;230768.0;642
;;;;10523594.0;7978825.0;6116070.0;1838786.0;34726049.0;232738.0;643
;;;;10574930.0;8020978.0;6158125.0;1842317.0;34733194.0;235547.0;644
;;;;10620303.0;8032613.0;6185961.0;1848420.0;34746838.0;238970.0;645
;;;;10671356.0;8091667.0;6222020.0;1853660.0;34752164.0;242772.0;646
;;;;10721839.0;8153025.0;6291621.0;1860841.0;34758481.0;246789.0;647
;;;;10780442.0;8209911.0;6362232.0;1868765.0;34765976.0;250651.0;648
;;;;10833032.0;8265076.0;6423520.0;1878782.0;34772626.0;254682.0;649
;;;;10881385.0;8318995.0;6477217.0;1887086.0;34779815.0;259174.0;650
;;;;10935598.0;8362843.0;6509863.0;1895472.0;34786802.0;264705.0;651
;;;;10995158.0;8374944.0;6531606.0;1910922.0;34793333.0;273062.0;652
;;;;11073251.0;8438360.0;6562429.0;1925063.0;34799691.0;281280.0;653
;;;;11161258.0;8504074.0;6613730.0;1943963.0;34808886.0;291135.0;654
;;;;11254194.0;8564979.0;6670407.0;1969928.0;34822040.0;300594.0;655
;;;;11343591.0;8623131.0;6721375.0;1995112.0;34838804.0;310478.0;656
;;;;11425878.0;8681667.0;6764188.0;2014138.0;34861579.0;322275.0;657
;;;;11518027.0;8730140.0;6793536.0;2032312.0;34889132.0;339953.0;658
;;;;11607587.0;8745272.0;6809622.0;2054700.0;34922882.0;361322.0;659
;;;;11713355.0;8818154.0;6833050.0;2082785.0;34960261.0;395133.0;660
;;;;11836593.0;8902466.0;6878709.0;2137845.0;35018358.0;425496.0;661
;;;;11958451.0;8994106.0;6923636.0;2180799.0;35109286.0;462955.0;662
;;;;12080799.0;9088232.0;6959067.0;2223735.0;35226386.0;492563.0;663
;;;;12200165.0;9192843.0;6981281.0;2256747.0;35368372.0;537308.0;664
;;;;12308123.0;9220540.0;6991381.0;2286735.0;35528004.0;608803.0;665
;;;;12446467.0;9251021.0;7005289.0;2323056.0;35707727.0;684229.0;666
;;;;12629503.0;9430829.0;7026369.0;2372323.0;35875790.0;762458.0;667
;;;;12819883.0;9639037.0;7066412.0;2412242.0;36070510.0;860550.0;668
;;;;13010853.0;9845583.0;7109182.0;2454121.0;36317927.0;972457.0;669
;;;;13174530.0;10077783.0;7150422.0;2499612.0;36582129.0;1045291.0;670
;;;;13310224.0;10296909.0;7176814.0;2528644.0;36850962.0;1139097.0;671
;;;;13498751.0;10355341.0;7189329.0;2554916.0;37122164.0;1223505.0;672
;;;;13722579.0;10422830.0;7207847.0;2613071.0;37380253.0;1398776.0;673
;;;;13917693.0;10694804.0;7238408.0;2646228.0;37618271.0;1526961.0;674
;;;;14099839.0;11027112.0;7297320.0;2681101.0;37901241.0;1613249.0;675
;;;;14280081.0;11290010.0;7361660.0;2712688.0;38218773.0;1726116.0;676
;;;;14422121.0;11618256.0;7417995.0;2753198.0;38566027.0;1786007.0;677
;;;;14564390.0;11921925.0;7473884.0;2771345.0;38903731.0;1870362.0;678
;;;;14708454.0;12218022.0;7510436.0;2786622.0;39237264.0;1954977.0;679
;;;;14825809.0;12311963.0;7535691.0;2828029.0;39543328.0;2022581.0;680
;;;;14957778.0;12680780.0;7581381.0;2848893.0;39799202.0;2086522.0;681
;;;;15064277.0;13042665.0;7661811.0;2872365.0;40085116.0;2129688.0;682
;;;;15164861.0;13351053.0;7743228.0;2895331.0;40371500.0;2196870.0;683
;;;;15246208.0;13680775.0;7835451.0;2916524.0;40622709.0;2229104.0;684
;;;;15316987.0;14005385.0;7913473.0;2930307.0;40858241.0;2287126.0;685
;;;;15406943.0;14283514.0;7965977.0;2935575.0;41092522.0;2340046.0;686
;;;;15501453.0;14386178.0;8000122.0;2954805.0;41302440.0;2391062.0;687
;;;;15609692.0;14851448.0;8074527.0;2984054.0;41469499.0;2457285.0;688
;;;;15717846.0;15288014.0;8186850.0;2991533.0;41630885.0;2523265.0;689
;;;;15814339.0;15715329.0;8320386.0;3020108.0;41803318.0;2570523.0;690
;;;;15891933.0;16116748.0;8460546.0;3036647.0;41952712.0;2607242.0;691
;;;;15967194.0;16506090.0;8596007.0;3045083.0;42080664.0;2580386.0;692
;;;;16062685.0;16807733.0;8681447.0;3052373.0;42188138.0;2620532.0;693
;;;;16157980.0;16917220.0;8744840.0;3073654.0;42272014.0;2644760.0;694
;;;;16260425.0;17420569.0;8871795.0;3085591.0;42339611.0;2676939.0;695
;;;;16357612.0;17848291.0;9035795.0;3100943.0;42410976.0;2704275.0;696
;;;;16446952.0;18241888.0;9238931.0;3114115.0;42478060.0;2727260.0;697
;;;;16519771.0;18596157.0;9429079.0;3127213.0;42536137.0;2752507.0;698
;;;;16582687.0;18928572.0;9618245.0;3133836.0;42586544.0;2779880.0;699
;;;;17430856.0;19178039.0;9737215.0;3139239.0;42631421.0;2811390.0;700
;;;;17543963.0;19266496.0;9815533.0;3155289.0;42665534.0;2822873.0;701
;;;;17631560.0;19681231.0;9978146.0;3165329.0;42692943.0;2854123.0;702
;;;;17727264.0;19998301.0;10186644.0;3175654.0;42723558.0;2876687.0;703
;;;;17809884.0;20274710.0;10422764.0;3186085.0;42754315.0;2902294.0;704
;;;;17870485.0;20517059.0;10671602.0;3193438.0;42780235.0;2914583.0;705
;;;;17924207.0;20731613.0;10889417.0;3203282.0;42802505.0;2945496.0;706
;;;;17988154.0;20887052.0;11022590.0;3206897.0;42822473.0;2969890.0;707
;;;;18054899.0;20935910.0;11117857.0;3219086.0;42838524.0;2967316.0;708
;;;;18122879.0;21174600.0;11287428.0;3225542.0;42851929.0;2990045.0;709
;;;;18287353.0;21177663.0;11521678.0;3233298.0;42867031.0;3013262.0;710
;;;;18346213.0;21511997.0;11769540.0;3240493.0;42881179.0;3030638.0;711
;;;;18392169.0;21646561.0;12009712.0;3247240.0;42894345.0;3048857.0;712
;;;;18433372.0;21765182.0;12219501.0;3250784.0;42905844.0;3074020.0;713
;;;;18475111.0;21851747.0;12344661.0;3253232.0;42916117.0;3099249.0;714
;;;;18521452.0;21884370.0;12421126.0;3256889.0;42924130.0;3124101.0;715
;;;;18575733.0;21886335.0;12580343.0;3264880.0;42931045.0;3150771.0;716
;;;;18628702.0;22130264.0;12800315.0;3274692.0;42938599.0;3170574.0;717
;;;;18676361.0;22223882.0;13035941.0;3280453.0;42945160.0;3188117.0;718
;;;;18715582.0;22310014.0;13255989.0;3289085.0;42951556.0;3209599.0;719
;;;;18746592.0;22386566.0;13445094.0;3290897.0;42957477.0;3235017.0;720
;;;;18785333.0;22445580.0;13563126.0;3294481.0;42962953.0;3256772.0;721
;;;;18826968.0;22466076.0;13636993.0;3302400.0;42967315.0;3296784.0;722
;;;;18867585.0;22563594.0;13762895.0;3307510.0;42971308.0;3321943.0;723
;;;;18906546.0;22638153.0;13971947.0;3313423.0;42975883.0;3344659.0;724
;;;;18938546.0;22707110.0;14188269.0;3321778.0;42980067.0;3362035.0;725
;;;;18938546.0;22765934.0;14399012.0;3331281.0;42984261.0;3384217.0;726
;;;;18938546.0;22819557.0;14574845.0;3334478.0;42987875.0;3429179.0;727
;;;;19021076.0;22862157.0;14682758.0;3337091.0;42990991.0;3459870.0;728
;;;;19120746.0;22877926.0;14745107.0;3345546.0;42993494.0;3496205.0;729
;;;;19166049.0;22959368.0;14867218.0;3349699.0;42996062.0;3527894.0;730
;;;;19211944.0;23017711.0;15053624.0;3356440.0;42998938.0;3562971.0;731
;;;;19256835.0;23079453.0;15264297.0;3362047.0;43001477.0;3596466.0;732
;;;;19256835.0;23137902.0;15481890.0;3370105.0;43004005.0;3622906.0;733
;;;;19256835.0;23191580.0;15674100.0;3371929.0;43006080.0;3651709.0;734
;;;;19383743.0;23236908.0;15790989.0;3373322.0;43007841.0;3706018.0;735
;;;;19446892.0;23253235.0;15869417.0;3377844.0;43009390.0;3763166.0;736
;;;;19515547.0;23346927.0;16026216.0;3386875.0;43010971.0;3812332.0;737
;;;;19600293.0;23417253.0;16242070.0;3392164.0;43012749.0;3859284.0;738
;;;;19673347.0;23492815.0;16504822.0;3396364.0;43014687.0;3900138.0;739
;;;;19673347.0;23565274.0;16757658.0;3399704.0;43016372.0;3943368.0;740
;;;;19673347.0;23635798.0;16994744.0;3402711.0;43018032.0;3996431.0;741
;;;;19845016.0;23694834.0;17141351.0;3404964.0;43019453.0;4053987.0;742
;;;;19965698.0;23717460.0;17233729.0;3413117.0;43020723.0;4113691.0;743
;;;;20059641.0;23834842.0;17432617.0;3422583.0;43021982.0;4180473.0;744
;;;;20150847.0;23943801.0;17695210.0;3429407.0;43023215.0;4228461.0;745
;;;;20243940.0;24046195.0;17990141.0;3436460.0;43024440.0;4275210.0;746
;;;;20243940.0;24143852.0;18287986.0;3445404.0;43025775.0;4326181.0;747
;;;;20243940.0;24241956.0;18548225.0;3449778.0;43027035.0;4381919.0;748
;;;;20470351.0;24323239.0;18680017.0;3453432.0;43028131.0;4447442.0;749
;;;;20566021.0;24347772.0;18772331.0;3459582.0;43029044.0;4507681.0;750
;;;;20669099.0;24528957.0;18994411.0;3470143.0;43029839.0;4573066.0;751
;;;;20770686.0;24683075.0;19278143.0;3481119.0;43030925.0;4628163.0;752
;;;;20848912.0;24823603.0;19596530.0;3489910.0;43031958.0;4676260.0;753
;;;;20848913.0;24967222.0;19893028.0;3502925.0;43033067.0;4716870.0;754
;;;;20848913.0;25106739.0;20145054.0;3509939.0;43034217.0;4772414.0;755
;;;;21064311.0;25216913.0;20256278.0;3512520.0;43035271.0;4848211.0;756
;;;;21145773.0;25246720.0;20323779.0;3513083.0;43036132.0;4910819.0;757
;;;;21234719.0;25464389.0;20561131.0;3521987.0;43036928.0;4971300.0;758
;;;;21309769.0;25633476.0;20829608.0;3531539.0;43038016.0;5020617.0;759
;;;;21379545.0;25803173.0;21357095.0;3537558.0;43039023.0;5059642.0;760
;;;;21379545.0;25952226.0;21357039.0;3537558.0;43039972.0;5108366.0;761
;;;;21379545.0;26084340.0;21553495.0;3553125.0;43040947.0;5154633.0;762
;;;;21522955.0;26186606.0;21668677.0;3553125.0;43042097.0;5207650.0;763
;;;;21573997.0;26218724.0;21668677.0;3553125.0;43044280.0;5262359.0;764
;;;;21625530.0;26428476.0;21849074.0;3553125.0;43045527.0;5308858.0;765
;;;;21674196.0;26579448.0;22265788.0;3616933.0;43047594.0;5345438.0;766
;;;;21716180.0;26738483.0;22441051.0;3635878.0;43049974.0;5384615.0;767
;;;;21716180.0;26887490.0;22591726.0;3627832.0;43052425.0;5416980.0;768
;;;;21716180.0;27029271.0;22647197.0;3644519.0;43054952.0;5459012.0;769
;;;;21807532.0;27136925.0;22677986.0;3646457.0;43057545.0;5509592.0;770
;;;;21846115.0;27162463.0;22878428.0;3658431.0;43060086.0;5563493.0;771
;;;;21883579.0;27353225.0;23017079.0;3666324.0;43060097.0;5613341.0;772
;;;;21916961.0;27499728.0;23182447.0;3679757.0;43065496.0;5650550.0;773
;;;;21916961.0;27637292.0;23339311.0;3690272.0;43068799.0;5685602.0;774
;;;;21916961.0;27762686.0;23376879.0;3707562.0;43072176.0;5719311.0;775
;;;;21916961.0;27874269.0;23416663.0;3712313.0;43075864.0;5756791.0;776
;;;;21916961.0;27960919.0;23437145.0;3716970.0;43079188.0;5796700.0;777
;;;;22033383.0;27980729.0;23459628.0;3720853.0;43082345.0;5847576.0;778
;;;;22060704.0;28006219.0;23658211.0;3728443.0;43084913.0;5889356.0;779
;;;;22082374.0;28162002.0;23844536.0;3741528.0;43088118.0;5927528.0;780
;;;;22106306.0;28266009.0;24006254.0;3750025.0;43091393.0;5953142.0;781
;;;;22106306.0;28354529.0;24141333.0;3762254.0;43094938.0;5992359.0;782
;;;;22106306.0;28435100.0;24180512.0;3765710.0;43098743.0;6030240.0;783
;;;;22151465.0;28494054.0;24200596.0;3768329.0;43102194.0;6072564.0;784
;;;;22168390.0;28508116.0;24337394.0;3770995.0;43105401.0;6130822.0;785
;;;;22186658.0;28605614.0;24337394.0;3776551.0;43107689.0;6171633.0;786
;;;;22201340.0;28673411.0;24609159.0;3787349.0;43110586.0;6207668.0;787
;;;;22213947.0;28733434.0;24710769.0;3794488.0;43113413.0;6246474.0;788
;;;;22213972.0;28786413.0;24798067.0;3803458.0;43116254.0;6286931.0;789
;;;;22214004.0;28835895.0;24809785.0;3805916.0;43119112.0;6334964.0;790
;;;;22214111.0;28872621.0;24813817.0;3808060.0;43121599.0;6392018.0;791
;;;;22249661.0;28881384.0;24927339.0;3810247.0;43123801.0;6449366.0;792
;;;;22267796.0;28948497.0;25033970.0;3814635.0;43125370.0;6496882.0;793
;;;;22280496.0;28996577.0;25130137.0;3822843.0;43127199.0;6548368.0;794
;;;;22292077.0;29040934.0;25215210.0;3828328.0;43129563.0;6590066.0;795
;;;;22292118.0;29081169.0;25287462.0;3836099.0;43131822.0;6635840.0;796
;;;;22292118.0;29119127.0;25295950.0;3836897.0;43134145.0;6703295.0;797
;;;;22318371.0;29148451.0;25299300.0;3837531.0;43136371.0;6759756.0;798
;;;;22329180.0;29155815.0;25406868.0;3838543.0;43138393.0;6813741.0;799
;;;;22338750.0;29212276.0;25503878.0;3844871.0;43140068.0;6863970.0;800
;;;;22354617.0;29252875.0;25592839.0;3850912.0;43142192.0;6910455.0;801
;;;;22361204.0;29289023.0;25661838.0;3855342.0;43144820.0;6948967.0;802
;;;;22361204.0;29321831.0;25723697.0;3861175.0;43147530.0;6983054.0;803
;;;;22361251.0;29352290.0;25729848.0;3862558.0;43150215.0;7025922.0;804
;;;;22385203.0;29375134.0;25732153.0;3863653.0;;7071714.0;805
;;;;22393799.0;29381085.0;25818405.0;3863979.0;;7117742.0;806
;;;;22402392.0;29424812.0;25890456.0;3866054.0;;7157305.0;807
;;;;22416204.0;29489304.0;25949175.0;3870603.0;;7189926.0;808
;;;;22422746.0;29517146.0;25998085.0;3874390.0;;;809
;;;;22422800.0;29541498.0;26040460.0;3879660.0;;;810
;;;;22422800.0;29564005.0;26044283.0;;;;811
;;;;22448854.0;29580970.0;26045528.0;;;;812
;;;;22455392.0;29551335.0;26109965.0;;;;813
;;;;22462129.0;29583616.0;26159106.0;;;;814
;;;;22458340.0;29605758.0;26198811.0;;;;815
;;;;22463243.0;29626992.0;26200663.0;;;;816
;;;;;29631816.0;26240639.0;;;;817
