date,Germany,India,United Kingdom
2020-01-01,,,
2020-01-02,,,
2020-01-03,,,
2020-01-04,,,
2020-01-05,,,
2020-01-06,,,
2020-01-07,,,
2020-01-08,,,
2020-01-09,,,
2020-01-10,,,
2020-01-11,,,
2020-01-12,,,
2020-01-13,,,
2020-01-14,,,
2020-01-15,,,
2020-01-16,,,
2020-01-17,,,
2020-01-18,,,
2020-01-19,,,
2020-01-20,,,
2020-01-21,,,
2020-01-22,,,
2020-01-23,,,
2020-01-24,,,
2020-01-25,,,
2020-01-26,,,
2020-01-27,1.1918884221758422e-08,,
2020-01-28,4.767553688703369e-08,,
2020-01-29,4.767553688703369e-08,,
2020-01-30,4.767553688703369e-08,7.176643586463674e-10,
2020-01-31,5.959442110879211e-08,7.176643586463674e-10,2.9322454546310226e-08
2020-02-01,9.535107377406738e-08,7.176643586463674e-10,2.9322454546310226e-08
2020-02-02,1.1918884221758421e-07,1.4353287172927348e-09,2.9322454546310226e-08
2020-02-03,1.4302661066110105e-07,2.152993075939102e-09,1.172898181852409e-07
2020-02-04,1.4302661066110105e-07,2.152993075939102e-09,1.172898181852409e-07
2020-02-05,1.4302661066110105e-07,2.152993075939102e-09,1.3195104545839604e-07
2020-02-06,1.4302661066110105e-07,2.152993075939102e-09,1.3195104545839604e-07
2020-02-07,1.5494549488285948e-07,2.152993075939102e-09,1.3195104545839604e-07
2020-02-08,1.5494549488285948e-07,2.152993075939102e-09,1.905959545510165e-07
2020-02-09,1.668643791046179e-07,2.152993075939102e-09,2.052571818241716e-07
2020-02-10,1.668643791046179e-07,2.152993075939102e-09,2.052571818241716e-07
2020-02-11,1.9070214754813475e-07,2.152993075939102e-09,2.199184090973267e-07
2020-02-12,1.9070214754813475e-07,2.152993075939102e-09,2.345796363704818e-07
2020-02-13,1.9070214754813475e-07,2.152993075939102e-09,2.492408636436369e-07
2020-02-14,1.9070214754813475e-07,2.152993075939102e-09,2.639020909167921e-07
2020-02-15,1.9070214754813475e-07,2.152993075939102e-09,2.639020909167921e-07
2020-02-16,1.9070214754813475e-07,2.152993075939102e-09,2.639020909167921e-07
2020-02-17,1.9070214754813475e-07,2.152993075939102e-09,2.785633181899472e-07
2020-02-18,1.9070214754813475e-07,2.152993075939102e-09,2.785633181899472e-07
2020-02-19,1.9070214754813475e-07,2.152993075939102e-09,2.932245454631023e-07
2020-02-20,1.9070214754813475e-07,2.152993075939102e-09,3.225470000094125e-07
2020-02-21,1.9070214754813475e-07,2.152993075939102e-09,3.372082272825676e-07
2020-02-22,1.9070214754813475e-07,2.152993075939102e-09,3.372082272825676e-07
2020-02-23,1.9070214754813475e-07,2.152993075939102e-09,4.105143636483432e-07
2020-02-24,1.9070214754813475e-07,2.152993075939102e-09,4.398368181946534e-07
2020-02-25,1.9070214754813475e-07,2.152993075939102e-09,4.984817272872738e-07
2020-02-26,2.5029656865692683e-07,2.152993075939102e-09,5.424654091067393e-07
2020-02-27,3.0989098976571897e-07,2.152993075939102e-09,6.45094000018825e-07
2020-02-28,6.317008637531963e-07,2.152993075939102e-09,8.210287272966864e-07
2020-02-29,7.866463586360558e-07,2.152993075939102e-09,8.943348636624619e-07
2020-03-01,1.3945094539457352e-06,2.152993075939102e-09,1.3781553636765807e-06
2020-03-02,1.7878326332637633e-06,3.588321793231837e-09,1.964604454602785e-06
2020-03-03,2.2407502336905834e-06,3.588321793231837e-09,2.7709719546263164e-06
2020-03-04,2.860532213222021e-06,2.0094602042098286e-08,3.592000681923003e-06
2020-03-05,4.159690593393689e-06,2.1529930759391023e-08,4.310400818307604e-06
2020-03-06,6.364684174418997e-06,2.224759511803739e-08,5.468637772886858e-06
2020-03-07,8.15251680768276e-06,2.4400588193976493e-08,6.275005272910389e-06
2020-03-08,1.0095294935829383e-05,2.7988909987208328e-08,7.066711545660765e-06
2020-03-09,1.3253799254595365e-05,3.08595674217938e-08,9.221911954814567e-06
2020-03-10,1.5446873951398915e-05,4.018920408419657e-08,1.3004508591288587e-05
2020-03-11,1.8676891575495448e-05,4.449519023607478e-08,1.9030273000555338e-05
2020-03-12,2.82358367213457e-05,5.238949818118482e-08,2.6199613137128188e-05
2020-03-13,3.6495623487024286e-05,5.884847740900213e-08,3.322234100096949e-05
2020-03-14,4.523216562157321e-05,7.320176458192948e-08,3.855902772839795e-05
2020-03-15,5.766356186486724e-05,8.109607252703951e-08,4.503929018313251e-05
2020-03-16,7.165633194121163e-05,8.540205867891772e-08,5.401196127430344e-05
2020-03-17,8.529153549090327e-05,1.0190833892778417e-07,6.527178382008657e-05
2020-03-18,9.771101284997553e-05,1.1195563994883331e-07,7.991834986596853e-05
2020-03-19,0.00013109580755512088,1.3922688557739527e-07,9.538594463914717e-05
2020-03-20,0.00016635186708308228,1.7511010350971366e-07,0.00011377112363968369
2020-03-21,0.0001985924489029388,2.3682923835330125e-07,0.00013132061268565035
2020-03-22,0.00022181043536692423,2.841950860239615e-07,0.00015200760436807223
2020-03-23,0.00027022494307570694,3.581145149645373e-07,0.00018630021495998203
2020-03-24,0.00032700650750816404,3.8466809623445294e-07,0.00022120859709736436
2020-03-25,0.0003760884727333652,4.715054836306634e-07,0.00026070594337124426
2020-03-26,0.00043513462516795646,5.217419887359091e-07,0.0003059798131907472
2020-03-27,0.0005040257759697201,6.365682861193279e-07,0.00035317430378303355
2020-03-28,0.0005790432332614677,7.083347219839646e-07,0.00039481218923879404
2020-03-29,0.0006263016092007398,7.348883032538802e-07,0.0004368899115127492
2020-03-30,0.000682928228138314,8.977981126666057e-07,0.0004996546254691262
2020-03-31,0.0007379338788217291,1.0025771090289753e-06,0.0005658940502892411
2020-04-01,0.0008029275544829778,1.433893388575442e-06,0.000638291190564081
2020-04-02,0.0008763002057521227,1.8250204640377122e-06,0.0007100725592934484
2020-04-03,0.0009498873969372592,1.842244408645225e-06,0.0007822644423864642
2020-04-04,0.001022378050773994,2.2118415533481043e-06,0.0008419502986154788
2020-04-05,0.0010931285475143519,2.5749797188231663e-06,0.0008948919902988418
2020-04-06,0.0011369542847977576,3.4290003056123437e-06,0.0009730216704374855
2020-04-07,0.0011826512869039794,3.8115154087708574e-06,0.0010530719713489124
2020-04-08,0.0012303625804436784,4.24570234575191e-06,0.0011286066142602075
2020-04-09,0.0012896471105627047,4.826292811896821e-06,0.0011999774686259266
2020-04-10,0.0013530913312751248,5.4528137969951e-06,0.0012633726153550493
2020-04-11,0.0014023520797636524,6.061393173127219e-06,0.001316167694765681
2020-04-12,0.001435975252153233,6.606100421339812e-06,0.0013677165698580942
2020-04-13,0.0014662134614238339,7.5017455409304785e-06,0.0014291764345871604
2020-04-14,0.001491028578373535,8.243810487770822e-06,0.0014928061609526537
2020-04-15,0.0015206589245488264,8.84306022724054e-06,0.0015671972281366428
2020-04-16,0.001554818446728386,9.638232336620715e-06,0.0016449457163661843
2020-04-17,0.0015951042753979295,1.0299918875292665e-05,0.0017178559995955848
2020-04-18,0.0016381195285542556,1.1283119046638189e-05,0.0017871302984612425
2020-04-19,0.0016674161459713378,1.2641657677555761e-05,0.0018437666194174409
2020-04-20,0.0016885721654649592,1.3304779544945005e-05,0.001915152135010433
2020-04-21,0.0017098473738007978,1.4410700321619058e-05,0.001984998221739744
2020-04-22,0.0017365099178048714,1.533648734427287e-05,0.002065532343151185
2020-04-23,0.0017645431334944472,1.656154040448222e-05,0.002141052324835207
2020-04-24,0.0017923975659206966,1.7604306717595393e-05,0.0022139772692918807
2020-04-25,0.0018168908729964102,1.8862372338302473e-05,0.0022692354348844024
2020-04-26,0.0018375939748896046,2.001565896264719e-05,0.0023201098935222504
2020-04-27,0.0018497273990273548,2.1135933026494166e-05,0.0023890909678424455
2020-04-28,0.0018633626025770463,2.2480118370238814e-05,0.0024583359442535567
2020-04-29,0.0018789048276022192,2.37274190255662e-05,0.0025380490369377013
2020-04-30,0.0018965209384819782,2.501993253548831e-05,0.002610783385439824
2020-05-01,0.0019160559897214403,2.673802101008771e-05,0.0026801749741236667
2020-05-02,0.001927319335311002,2.849055737390214e-05,0.0027274134483977726
2020-05-03,0.0019367710104988565,3.0504323564263847e-05,0.002771015938308136
2020-05-04,0.0019448639328854304,3.3326179822461364e-05,0.0028205562252641273
2020-05-05,0.001953028368577335,3.545261931713055e-05,0.0028745828477657036
2020-05-06,0.00196431555193534,3.802688137159507e-05,0.0029307646706764343
2020-05-07,0.001979619399276078,4.044110427408145e-05,0.0029859935138144096
2020-05-08,0.001994029330300184,4.28409738893949e-05,0.0030306955957702594
2020-05-09,0.002008939854461604,4.507506303786104e-05,0.0030622172344075427
2020-05-10,0.0020168897502375167,4.819905599104868e-05,0.003096245942908536
2020-05-11,0.0020211447919046845,5.078767133268613e-05,0.0031487771202282507
2020-05-12,0.002032265110883585,5.3316720532555925e-05,0.0031985080031387927
2020-05-13,0.002041776380492548,5.601729151414221e-05,0.0032468607306856585
2020-05-14,0.002052896699471449,5.884632441592619e-05,0.003285126533868593
2020-05-15,0.0020637786407659143,6.156411934211998e-05,0.0033220288429151247
2020-05-16,0.002071168348983404,6.505483878257591e-05,0.00335230427723419
2020-05-17,0.0020781170584846897,6.867904379374006e-05,0.0033790756782349713
2020-05-18,0.002082193316888531,7.200182977427275e-05,0.0034168136772360727
2020-05-19,0.002088307704494293,7.641331258687197e-05,0.003461471775510103
2020-05-20,0.0020978070552190344,8.039850277043525e-05,0.0035011597177385338
2020-05-21,0.0021066866239642444,8.484658646532543e-05,0.003538428557466894
2020-05-22,0.0021121693107062534,8.956020597291478e-05,0.0035682348325132185
2020-05-23,0.002119773558839735,9.431760300638155e-05,0.0035903293020138633
2020-05-24,0.0021249105979393133,9.942234958943315e-05,0.003610092636378076
2020-05-25,0.0021283551554794012,0.00010402544878579095,0.0036336532286060366
2020-05-26,0.002133504113463201,0.00010821876163336168,0.0036578442536067428
2020-05-27,0.0021378187495514774,0.00011345268780096963,0.0036842784463802414
2020-05-28,0.002142026115681758,0.00011869163761908812,0.003709701014471892
2020-05-29,0.0021508580088900812,0.00012450830724591692,0.0037317661615179905
2020-05-30,0.002159654145445739,0.00013049075733959304,0.003747878850291188
2020-05-31,0.002163062946333162,0.00013679328573722546,0.003763551702246191
2020-06-01,0.0021670319347790075,0.00014236307882467992,0.0037845759021558952
2020-06-02,0.0021695706571182418,0.0001486935961322995,0.0038060839225656138
2020-06-03,0.0021736469155220835,0.00015560685689913997,0.003825759289566188
2020-06-04,0.002178342955905456,0.0001627038397417939,0.0038438512440212617
2020-06-05,0.0021843858302058876,0.00016950083888253364,0.003860066561385371
2020-06-06,0.002189236816084143,0.0001769918194580844,0.003871663592158437
2020-06-07,0.0021928244002348924,0.00018478852505041855,0.003882175692113289
2020-06-08,0.0021953750414583488,0.0001908470475661112,0.0038981271073864816
2020-06-09,0.0021995466509359646,0.00019818014198275978,0.003915031502432429
2020-06-10,0.0022033368561184836,0.00020568619350984214,0.0039323903955238455
2020-06-11,0.0022099518368615596,0.00021353026494984692,0.003947066284024274
2020-06-12,0.002213026908990773,0.000221753263171217,0.003962504556342906
2020-06-13,0.002217174680699945,0.00023031428130550953,0.003975509064934195
2020-06-14,0.0022201186451027196,0.00023856885675866004,0.003987340675343631
2020-06-15,0.002222407070873297,0.00024622418247234086,0.004002383094525888
2020-06-16,0.0022269124091091217,0.00025409983114412605,0.004018173236299076
2020-06-17,0.0022310244241656283,0.0002633440657478499,0.004032834463572231
2020-06-18,0.002237937377014248,0.0002730942537244195,0.004047788915390849
2020-06-19,0.002247114917865002,0.0002835118695545302,0.004062186240573087
2020-06-20,0.002254278167282279,0.0002945660536707601,0.004071950617937008
2020-06-21,0.002262466440742627,0.00030520973377384445,0.004081069901300911
2020-06-22,0.0022688668815697114,0.00031592661564151065,0.004094147716028566
2020-06-23,0.002274862080333256,0.00032738628012037583,0.004107078918483488
2020-06-24,0.002281858465371428,0.00033953059639738964,0.004118426708392911
2020-06-25,0.002289367362431136,0.0003519433191445372,0.004128645583802299
2020-06-26,0.0022950526702049147,0.00036525742832614464,0.004138028769257119
2020-06-27,0.0023032409436652625,0.0003795432550493592,0.004147309326121026
2020-06-28,0.002306292178026033,0.0003935082858042589,0.0041531005108939225
2020-06-29,0.0023094149256921333,0.0004068008650551069,0.004161955892166908
2020-06-30,0.002315350530034569,0.0004201788463646338,0.00416786436675799
2020-07-01,0.0023209047300819085,0.0004339292954762982,0.004168744040394379
2020-07-02,0.002326899928845453,0.00044893063356508326,0.004168802685303471
2020-07-03,0.002332215751208357,0.0004652725686758197,0.004176162621394595
2020-07-04,0.0023372455203499393,0.0004831065279881819,0.004185311227213044
2020-07-05,0.0023400941336789395,0.000500508453356639,0.004192876420485992
2020-07-06,0.0023427043693235046,0.0005164772030008793,0.0041980371724861425
2020-07-07,0.0023473527341699905,0.0005328062201531602,0.004206555345531846
2020-07-08,0.0023520845312060288,0.0005506609917319232,0.004215865224850299
2020-07-09,0.002357352678032046,0.0005696834032222038,0.004225277732759665
2020-07-10,0.0023620606372996406,0.0005891421546425414,0.00423278428112352
2020-07-11,0.002366565975535465,0.0006096716612859793,0.004244806487487507
2020-07-12,0.0023695218588224614,0.0006302915936386068,0.004254336285215058
2020-07-13,0.0023714169614137207,0.000650743592531311,0.0042621067356698305
2020-07-14,0.002376327541713085,0.0006718637369419149,0.004280345302397635
2020-07-15,0.0023805110700749225,0.0006953141375250436,0.0042882330426705926
2020-07-16,0.0023868757542493415,0.0007204144484687003,0.0042976308893526854
2020-07-17,0.0023938244637506266,0.000745713552439702,0.004307703152489343
2020-07-18,0.0024001295535039367,0.0007734850101262405,0.004319857309898789
2020-07-19,0.002402537168116732,0.0008024965918245199,0.004330501360899099
2020-07-20,0.00240550497028795,0.0008291449047897768,0.004339004872717529
2020-07-21,0.0024117266278517076,0.0008562295576850907,0.004345529118854084
2020-07-22,0.002417137801288386,0.0008890411721624026,0.00435373940612705
2020-07-23,0.0024239196464105666,0.000924429201687255,0.004365013889900106
2020-07-24,0.0024336335370513,0.0009595344714548007,0.00437627371244589
2020-07-25,0.002442942185628493,0.0009944208535929593,0.004387518873764399
2020-07-26,0.0024465774453161296,0.0010302904359024633,0.004398456149310173
2020-07-27,0.0024506298659515272,0.001062195640294805,0.004408499089992284
2020-07-28,0.0024581745196639005,0.001099224250543523,0.0044165187813107005
2020-07-29,0.002466327036471583,0.0011353184617972833,0.0044282331019019515
2020-07-30,0.002477077870039609,0.0011731989396397146,0.004440651161402314
2020-07-31,0.002487447299312539,0.0012171501402919354,0.00445355304140269
2020-08-01,0.002498829833744318,0.0012564314989624442,0.004464710235357561
2020-08-02,0.0025016903659575403,0.0012944476153686597,0.0044756035272215154
2020-08-03,0.0025077570780264154,0.001331802045236203,0.004489370419631008
2020-08-04,0.002518233777257341,0.0013694858830443652,0.004499193441904022
2020-08-05,0.002527065670465664,0.0014098774684777001,0.004512300579086223
2020-08-06,0.0025395209044774014,0.0014547587621387265,0.00452622874499572
2020-08-07,0.0025531918646797586,0.001498921673776748,0.004539013335177911
2020-08-08,0.0025665648527765715,0.0015451385408092155,0.004550141206678236
2020-08-09,0.0025731798335196475,0.0015896796615642436,0.0045657114300423265
2020-08-10,0.002578376467040334,0.0016281471888520476,0.0045777043139517675
2020-08-11,0.0025898901091985526,0.0016718981611482061,0.00459453540286135
2020-08-12,0.0026045026612544287,0.0017199809555131541,0.004609328581179963
2020-08-13,0.0026217254489548695,0.001766308342856853,0.004625910429225902
2020-08-14,0.0026389959121921975,0.0018127641921207496,0.004647051918953792
2020-08-15,0.0026558611333659856,0.0018587162410048765,0.004661933064636044
2020-08-16,0.0026633104360045843,0.001900133368806717,0.004678163043227427
2020-08-17,0.002669996930052991,0.001939617826490723,0.004688616498273186
2020-08-18,0.002686564179121235,0.0019859588494572362,0.004704611897228198
2020-08-19,0.0027045616942960905,0.002035959960652846,0.004716531475001273
2020-08-20,0.002724907229662632,0.0020854070349635807,0.004733875706865415
2020-08-21,0.002741915477447081,0.0021355545496883543,0.004749050077093132
2020-08-22,0.002766158487954138,0.00218524491221667,0.004767933737820955
2020-08-23,0.002775479055415553,0.002229315245152426,0.004783225397866856
2020-08-24,0.0027839533820972233,0.0022730748294208882,0.004797476110776363
2020-08-25,0.0027991857161326307,0.0023141424546800683,0.0048148350038677784
2020-08-26,0.0028179698776661217,0.0023756369605793994,0.004830243953731864
2020-08-27,0.0028359316361883115,0.0024310880149145697,0.004852587664096152
2020-08-28,0.002854656203300694,0.0024859692437489748,0.004871324712551245
2020-08-29,0.002872284233064675,0.0025424932063003213,0.004887584013597174
2020-08-30,0.0028816405571787554,0.0025988384704263645,0.004912757340825182
2020-08-31,0.002888911076554028,0.0026490182800472774,0.004933371026371237
2020-09-01,0.0029034282775361295,0.002705252306197731,0.004952357315689973
2020-09-02,0.0029183983961186583,0.002765452145594064,0.004974495768872438
2020-09-03,0.0029340240533333836,0.0028252630109080108,0.0049999476594186345
2020-09-04,0.0029513421921075985,0.002887292176754534,0.0050284490852376485
2020-09-05,0.002967766414565182,0.0029523355329073714,0.005055029890283879
2020-09-06,0.002979542272176279,0.003017500892001179,0.005098837637376066
2020-09-07,0.0029892442439327905,0.0030719063093658013,0.005142058935377327
2020-09-08,0.0030071106513812063,0.0031362851083225323,0.0051781548769238355
2020-09-09,0.003021127259225994,0.003204990705697542,0.005217139080243155
2020-09-10,0.003043677788173561,0.003274281917189208,0.005259979186335314
2020-09-11,0.0030613654123586506,0.0033443044286623337,0.005311879930882283
2020-09-12,0.0030807931936401166,0.0034120318495165086,0.00536316490388378
2020-09-13,0.0030920922958823436,0.0034781079246814384,0.005412001451930659
2020-09-14,0.0031031411015559137,0.003538254656915232,0.005450457851068145
2020-09-15,0.003119910971655928,0.0036029327219095184,0.0054959663005240186
2020-09-16,0.0031425687705614906,0.003673187756634846,0.005554508581025727
2020-09-17,0.0031687188025440287,0.003742387824752963,0.005604327431299908
2020-09-18,0.0031915553847129178,0.0038093724629959394,0.005667722578029031
2020-09-19,0.003218933061770297,0.003875831770928386,0.005732569186258196
2020-09-20,0.003234963961048562,0.003938240581220633,0.005789762633850774
2020-09-21,0.003245953172301023,0.003992124974260878,0.005853846858261735
2020-09-22,0.003267657460468845,0.004051940145560977,0.00592608272503657
2020-09-23,0.003288741966657136,0.004114023853898757,0.006016689109584669
2020-09-24,0.003314284135544364,0.004175780307288994,0.006113981013769326
2020-09-25,0.0033399454932738102,0.004237041572271765,0.0062147476288177215
2020-09-26,0.0033698261360177585,0.004300626634447834,0.006303316102774851
2020-09-27,0.0033866317627704377,0.004359597114797806,0.006386841114550016
2020-09-28,0.003400839072762774,0.004410256324210294,0.006446145778869928
2020-09-29,0.003425737621902027,0.004468008210479284,0.006550885586509348
2020-09-30,0.003447167775732749,0.00453031654776132,0.006655141573648754
2020-10-01,0.00347700074293981,0.004588794710361261,0.006756567943924442
2020-10-02,0.0035088599204645705,0.00464583180292904,0.006858815342927425
2020-10-03,0.0035394080207249374,0.0047002515735808355,0.007047519999160205
2020-10-04,0.0035665711578663248,0.004753675943767188,0.007384215083488212
2020-10-05,0.003583043055860795,0.004797645086028375,0.0075688732409936
2020-10-06,0.0036144969913220154,0.004849352085404488,0.007782135452908915
2020-10-07,0.0036482035959011483,0.004905705961502835,0.007989855720914976
2020-10-08,0.0036965704280730437,0.004956298428129969,0.008247086953422484
2020-10-09,0.003750396109218505,0.005008883131016706,0.008450408853246598
2020-10-10,0.0038066651616294263,0.0050622651590058985,0.008672775687298542
2020-10-11,0.003848178635373811,0.005110156336987088,0.008861626955804053
2020-10-12,0.003877582522748889,0.005149873317923295,0.009066620235537308
2020-10-13,0.003926712163510977,0.005195451463676567,0.009319306487590136
2020-10-14,0.003987879877337041,0.005244043082071795,0.009608704452734944
2020-10-15,0.004066997430801074,0.005289522190143574,0.00988701853006125
2020-10-16,0.00415441052768345,0.005334169525223682,0.010116261479704302
2020-10-17,0.004247735391139818,0.0053785721367574915,0.01035337750839304
2020-10-18,0.004314326197286783,0.005418561830149984,0.010602339808718487
2020-10-19,0.004365875371545888,0.005452141345491048,0.010878161477408353
2020-10-20,0.004447734268380925,0.0054909267980897325,0.011190988083735665
2020-10-21,0.00453825819404518,0.005531000458212186,0.01158232556211072
2020-10-22,0.0046727866402561675,0.005570016998734355,0.011893803335528901
2020-10-23,0.004806778736677175,0.005608318745555312,0.012194930282492234
2020-10-24,0.0049821531991161285,0.005644294542189896,0.012532446395547538
2020-10-25,0.005115358649178501,0.005676695652654062,0.012822694711874189
2020-10-26,0.005218874158644473,0.005702868871813894,0.013129055716974038
2020-10-27,0.005354856708730515,0.00573436931350796,0.013464665870483833
2020-10-28,0.005533210892224908,0.005770167129381599,0.013826959457630768
2020-10-29,0.005733138256160683,0.005805080065101028,0.014165193970822457
2020-10-30,0.005955794932307352,0.005839720288364171,0.014523074528560173
2020-10-31,0.006182956946689846,0.0058734239596392795,0.014844404646705915
2020-11-01,0.006351930968301715,0.005905884636245214,0.015185439454306775
2020-11-02,0.006496113710732327,0.005933378357824956,0.015463416323405796
2020-11-03,0.006679092421304762,0.005966572487405427,0.015756963415868908
2020-11-04,0.006884264094298112,0.0060026064148530605,0.016126235747197865
2020-11-05,0.007122522589891063,0.0060367945095702565,0.016480333708299107
2020-11-06,0.007378850113964199,0.0060729332160142525,0.016821940303763622
2020-11-07,0.007657740085869125,0.006105711817931067,0.017188119116137945
2020-11-08,0.007848644854449029,0.0061386547649860115,0.01748996446323766
2020-11-09,0.008007916904304387,0.0061659784001127545,0.017803098955337708
2020-11-10,0.008190657237192388,0.006197757295577974,0.018102407910119172
2020-11-11,0.008411001649800035,0.006232137006678929,0.018439102994447176
2020-11-12,0.008671619972193005,0.0062643450654306185,0.01893006351214332
2020-11-13,0.008952214344541642,0.006296413179632373,0.019330534935109556
2020-11-14,0.009219924403046557,0.006325909184772739,0.019724584740530144
2020-11-15,0.009421913733952698,0.006347832395600668,0.020090748891677192
2020-11-16,0.00955092373676901,0.006368761641291872,0.02040416194709543
2020-11-17,0.009722782128362546,0.006396475685829719,0.02069829548864947
2020-11-18,0.009932089654180845,0.0064291839566393855,0.020985919445294224
2020-11-19,0.010201563707550581,0.006462111832742798,0.021321984096849485
2020-11-20,0.010483421481626724,0.006495290891371737,0.02161906454508543
2020-11-21,0.010757126738895185,0.006527735779361781,0.021910676355548483
2020-11-22,0.010944741895429884,0.0065593553533393805,0.022184474774874657
2020-11-23,0.011074228653615067,0.006586608657358977,0.022411108026063088
2020-11-24,0.011235777210356781,0.006618455730938268,0.02257686786161338
2020-11-25,0.011457861780060806,0.006650383900590086,0.02284402474498481
2020-11-26,0.011723271493910923,0.006681302316489289,0.023101505218355963
2020-11-27,0.011995093567472345,0.006710957643117274,0.023318095528862284
2020-11-28,0.012253673760663393,0.006740963189952279,0.023551150397596355
2020-11-29,0.012427820578027505,0.006768788472465715,0.023729797451919752
2020-11-30,0.012560942595900326,0.006791120751978073,0.0239109808985614
2020-12-01,0.012723087096853127,0.006817390138161965,0.02410832101765807
2020-12-02,0.012928926227362894,0.006842903823776202,0.024345788915801362
2020-12-03,0.013191689948915782,0.0068691667509808655,0.024564431798125924
2020-12-04,0.013471175865031795,0.006895470585053972,0.02480436278245111
2020-12-05,0.013749100407314757,0.006921314396273187,0.025033063266685057
2020-12-06,0.01396086322328274,0.0069449836844857026,0.02528727428637429
2020-12-07,0.014107846903505463,0.006964049873501861,0.02550339543760787
2020-12-08,0.014275354902358057,0.006987072546127236,0.02568494541493135
2020-12-09,0.01452344647743396,0.007009694044376128,0.02592839509380209
2020-12-10,0.014805673736920976,0.007030773999582648,0.026236779348265637
2020-12-11,0.01516175040304601,0.0070523261779371575,0.026555353155684025
2020-12-12,0.015500699632544374,0.007074038395443644,0.026871199974829604
2020-12-13,0.015741461093823895,0.00709346628729656,0.02714278454883753
2020-12-14,0.015936477877460307,0.007109301551370092,0.02744073000948259
2020-12-15,0.016108491214548725,0.007128234972479901,0.027712534501899613
2020-12-16,0.016438978036249642,0.007145466093731,0.028082334637410403
2020-12-17,0.016759870156152042,0.007161893430900415,0.02860197251565284
2020-12-18,0.017162454308510378,0.007179944124849089,0.029021503534074174
2020-12-19,0.017535515384651416,0.00719905122073369,0.029419585176994882
2020-12-20,0.017806920297265078,0.007216517018230066,0.029948166403873943
2020-12-21,0.018005286287367802,0.007230551662427755,0.03043788071725187
2020-12-22,0.0182380382584503,0.0072477397238173355,0.030979158566949484
2020-12-23,0.018532911454096603,0.0072654746454482045,0.03155519818651175
2020-12-24,0.018916639931616117,0.0072820290092091,0.03212839352798302
2020-12-25,0.019220964802450273,0.0072980135474692304,0.03260914983149705
2020-12-26,0.019393252273875793,0.007311456836235394,0.033118510189421003
2020-12-27,0.01955719652634608,0.007325825194359853,0.03359299148766212
2020-12-28,0.0196880181995641,0.00733761785510113,0.03419998095799802
2020-12-29,0.01984167645495101,0.007352365140006954,0.03497940112229349
2020-12-30,0.020109362675687484,0.007368026011641335,0.03571307825749672
2020-12-31,0.02049734619487416,0.0073824044170668155,0.03653269950697518
2021-01-01,0.020770574696773753,0.00739609673536543,0.03731431885536163
2021-01-02,0.020921825337547866,0.007409141720412545,0.038160975407931785
2021-01-03,0.021044768628295303,0.007420986052987644,0.03896750418145532
2021-01-04,0.02116213388122696,0.007432737806860479,0.03982959900634412
2021-01-05,0.02130393284681322,0.007445718919779674,0.04072311284127928
2021-01-06,0.021557054191030704,0.007460320518820693,0.0416372403617605
2021-01-07,0.02187160546452713,0.00747333823262218,0.04240908067155576
2021-01-08,0.022251210008105916,0.00747333823262218,0.04340707041203942
2021-01-09,0.022545534935078018,0.007499796364532395,0.04428602564829235
2021-01-10,0.022747512347099933,0.007511502187886276,0.045091674748179496
2021-01-11,0.022896462643219248,0.007520533276175482,0.04576922870538108
2021-01-12,0.0230490481990262,0.007531992940654347,0.046437076930127844
2021-01-13,0.023282658329772665,0.007544154480875968,0.04713407167469364
2021-01-14,0.023582585132328995,0.007555342868227265,0.04784795615307811
2021-01-15,0.023849186734601287,0.007566221224575627,0.048665730087920155
2021-01-16,0.024071807654095292,0.007577089533622967,0.049272030480574214
2021-01-17,0.02423726560486174,0.007586984689799983,0.049838085804363455
2021-01-18,0.02432237835708932,0.00759419721660438,0.05038849759865224
2021-01-19,0.02445788415180649,0.007604112467383438,0.0508775961404847
2021-01-20,0.02464827640836486,0.007615052542866643,0.05144812313859226
2021-01-21,0.024891397808720288,0.007625490970963154,0.0520038569583812
2021-01-22,0.025104292918689337,0.007635721994060017,0.052594323225580254
2021-01-23,0.025299965240957945,0.007646378592121557,0.053086324690412794
2021-01-24,0.02544605500486404,0.0076558539146487645,0.05352652803928928
2021-01-25,0.02552625717679225,0.0076623860956411645,0.05385208059088968
2021-01-26,0.025602681062422163,0.007671492538688028,0.054147240418352845
2021-01-27,0.02575998649638093,0.007679864811095997,0.0545184773541364
2021-01-28,0.025969198671125456,0.007693396372578274,0.05493935720546687
2021-01-29,0.026136325265682953,0.007702784857718086,0.05536610154770659
2021-01-30,0.02628317783817924,0.007712146071612269,0.0557079280615802
2021-01-31,0.02641657399038916,0.007720353281217749,0.056017778438771065
2021-02-01,0.02648341509310478,0.00772655031295466,0.056291371600915414
2021-02-02,0.02655628715123661,0.007734472609809757,0.05653895574587718
2021-02-03,0.026671959922608776,0.007743729762371937,0.056821008436158144
2021-02-04,0.026841339186284188,0.007752634541734021,0.0571240853263488
2021-02-05,0.026995188143818644,0.007761040544366845,0.05740477452249336
2021-02-06,0.02712015764488378,0.007769694858867762,0.05767276709581936
2021-02-07,0.027222850751338453,0.007778185545894907,0.05790542611141706
2021-02-08,0.027276902891284125,0.007784723468202176,0.05811236933437764
2021-02-09,0.02731717680106945,0.007792665859659315,0.058293963295382945
2021-02-10,0.02741338603450748,0.0078019402361661026,0.05848499908675215
2021-02-11,0.027535399652285623,0.0078086209736807416,0.05868304294475793
2021-02-12,0.027652919850712162,0.007817335571987783,0.05890524850530987
2021-02-13,0.02775249020950073,0.007826086771177118,0.05910055071381557
2021-02-14,0.02782536226763256,0.00783444684329099,0.05926160429541118
2021-02-15,0.027878115249198063,0.007840992659906202,0.05940491779200627
2021-02-16,0.027924074466757164,0.007849324743110087,0.05956079596037445
2021-02-17,0.028014133555936772,0.00785856897771381,0.05974730143251626
2021-02-18,0.02813578960718826,0.007868037123597432,0.059924130494657786
2021-02-19,0.028244406399101144,0.007878079400967972,0.060100519719981114
2021-02-20,0.02835363105410934,0.007888316165379702,0.060253157757121936
2021-02-21,0.028445120409395556,0.007898506281608124,0.06039739491103523
2021-02-22,0.02849719401456042,0.007906102041180037,0.06055341969167615
2021-02-23,0.028543475041993508,0.007915964184796554,0.060677937494907054
2021-02-24,0.028638909547957128,0.007927976450831577,0.06082364077154767
2021-02-25,0.02878037478478518,0.007939873172904857,0.0609700477870974
2021-02-26,0.028899527870350095,0.00795170602285022,0.0610950054271465
2021-02-27,0.029015880018122903,0.007963728336186263,0.06120402631314968
2021-02-28,0.029109920014632577,0.007974859310388868,0.061292550803424994
2021-03-01,0.029166320174769937,0.007983676534699198,0.0613725571206546
2021-03-02,0.02921331633525633,0.007994433605770948,0.06146625702415733
2021-03-03,0.02932081275205237,0.008006925989261905,0.0615598836215237
2021-03-04,0.029462790500901954,0.008019010021732793,0.061656251868390154
2021-03-05,0.02958889229596816,0.008032131796866283,0.06174345684821088
2021-03-06,0.029702801072475506,0.008045590874248337,0.06183199599971346
2021-03-07,0.029799379791324413,0.0080589387136548,0.061907911834533855
2021-03-08,0.029859105320159646,0.008069982132805652,0.061976995537444964
2021-03-09,0.029909784415870562,0.008082843395776952,0.06206153217390198
2021-03-10,0.030018794530962765,0.008099244897029456,0.062148429267949966
2021-03-11,0.030189902032850328,0.008115955711620538,0.062247436535725585
2021-03-12,0.030342868992952375,0.008133812636192377,0.06234433258677387
2021-03-13,0.030493928931578942,0.008151983897753302,0.062425467818503506
2021-03-14,0.030622533692331717,0.008170852011406474,0.06249317336605094
2021-03-15,0.030701246003732207,0.008188429046878441,0.0625677990128713
2021-03-16,0.030766561489267444,0.008209171699836397,0.06264541555005539
2021-03-17,0.030926691698786767,0.0082349150380454,0.0627298348966942
2021-03-18,0.03113531984820443,0.008263424972356987,0.06282225927342418
2021-03-19,0.03134368578216921,0.008292815480836631,0.06289266248678987
2021-03-20,0.03153478125289666,0.00832428219230584,0.06297457476356498
2021-03-21,0.03169846328991407,0.008357977251608644,0.06305245520283999
2021-03-22,0.0317903459683796,0.008387196955970932,0.06313077547893318
2021-03-23,0.031879558816779466,0.008421115208889277,0.06320963822043549
2021-03-24,0.03206803213297813,0.00845949302813225,0.06329181439930151
2021-03-25,0.03233807829279051,0.008501919909686706,0.06338300723294055
2021-03-26,0.03259520438210651,0.008546600257327312,0.06347371624607955
2021-03-27,0.032839207779894346,0.00859160785991546,0.0635303818894903
2021-03-28,0.03304392653528727,0.008640423389590585,0.06358700354921921
2021-03-29,0.03316158976032447,0.008680764020854456,0.06365525156217576
2021-03-30,0.033275403185758036,0.008719144710754865,0.06371449758158658
2021-03-31,0.033478632080623245,0.008771053373815755,0.0637739048744974
2021-04-01,0.03376826096721197,0.008829518618457242,0.06383957251145386
2021-04-02,0.03402914150505782,0.008893483325079034,0.06388946466786441
2021-04-03,0.034245218957114076,0.008960404808858449,0.06393965004882042
2021-04-04,0.03439058166908265,0.00903472469451115,0.06397332688786686
2021-04-05,0.034491856428314926,0.00910432521934139,0.06401382119759531
2021-04-06,0.03457391794618173,0.009187384821553686,0.06404871491850542
2021-04-07,0.034689256988795686,0.0092783767679221,0.06408920922823387
2021-04-08,0.034932485659109114,0.009373085498003945,0.06413363274687153
2021-04-09,0.03523598812693197,0.009477422413121389,0.064062379182324
2021-04-10,0.03552319748002368,0.009587138222606886,0.06410026379359783
2021-04-11,0.03573600915780318,0.009708360344754561,0.06412562771678039
2021-04-12,0.03589387477932037,0.00982443250746459,0.064177938975691
2021-04-13,0.036022717917757574,0.009956749720596939,0.06421418152951025
2021-04-14,0.03628127427318018,0.01010081294628725,0.06425071730787495
2021-04-15,0.036631999360289644,0.010256799447632116,0.06428989210714882
2021-04-16,0.03693987605862189,0.010425229531291548,0.06433029844951364
2021-04-17,0.037223593178636626,0.010612822688655557,0.06436264111687821
2021-04-18,0.03745225697243106,0.01080932062538165,0.06439023354660629
2021-04-19,0.03758857325127531,0.010995315544218953,0.06443367476301666
2021-04-20,0.03770310180976219,0.011207139920988297,0.06447069436188137
2021-04-21,0.03799969132473643,0.011432948705450224,0.06450582266242785
2021-04-22,0.03835151294919429,0.011671874241395132,0.06454581849042902
2021-04-23,0.03867979477731418,0.01192075019367267,0.06458508125706652
2021-04-24,0.03895860131702956,0.012171710960912078,0.0646152980464765
2021-04-25,0.03918235453052463,0.012425040020535018,0.06464039806756815
2021-04-26,0.0393242726849531,0.012656862114658043,0.06467065884065994
2021-04-27,0.03945509435817112,0.012915886558631202,0.06471003889711563
2021-04-28,0.039720063073305036,0.013188102391180638,0.06474179511538929
2021-04-29,0.040014888593414455,0.013465519137337184,0.06477764181607215
2021-04-30,0.04030486312764561,0.013754015185862513,0.06481255019820953
2021-05-01,0.040530547200384605,0.014035689834658908,0.06484050915861944
2021-05-02,0.040724705824357055,0.014299833378502292,0.06486500806939288
2021-05-03,0.04083388280382836,0.014556266336476376,0.06488918443316631
2021-05-04,0.040923679677555086,0.014830518900475652,0.06491771518143988
2021-05-05,0.04113862483561028,0.01512650592957653,0.06494914885271352
2021-05-06,0.04140028010093054,0.015423753894955552,0.06498745863957828
2021-05-07,0.041620600675769746,0.01571159328059272,0.06502396509548843
2021-05-08,0.04180754837478803,0.01600110267119246,0.06505397662771657
2021-05-09,0.0419583937734986,0.0162641223526502,0.06507994166121733
2021-05-10,0.04204089629008161,0.0165009099664707,0.06511449817390016
2021-05-11,0.042113899455939886,0.016750959299974624,0.06515077005017395
2021-05-12,0.04229159810080208,0.017011275539793348,0.0651842709544931
2021-05-13,0.04249921314506089,0.017257537758476695,0.0652232111741306
2021-05-14,0.042634325616598745,0.01749156667050256,0.06525536324554064
2021-05-15,0.0427284132886453,0.017714882288982547,0.06528508155322332
2021-05-16,0.04282972380453025,0.017916822992204616,0.06531333373817869
2021-05-17,0.042894228805938406,0.01810595123363177,0.06534234830695226
2021-05-18,0.04294439538962779,0.018297807317286138,0.06530768916567853
2021-05-19,0.043075979871436,0.018495961623351986,0.06533899088590671
2021-05-20,0.043222558309595184,0.018682232125303008,0.06537848823218059
2021-05-21,0.04332707500533579,0.01886688644711836,0.06541811752949993
2021-05-22,0.04341148454339428,0.019039730166583467,0.0654551078059101
2021-05-23,0.043491507932059165,0.019199277718475936,0.06548580841582008
2021-05-24,0.043523474379541925,0.019340246375451765,0.06552046755709383
2021-05-25,0.0435462513672897,0.019490181530924522,0.0655558157760494
2021-05-26,0.04357755035725604,0.019641822574577784,0.06559960886191432
2021-05-27,0.043652794273348,0.019775569375112555,0.06564916381009758
2021-05-28,0.04374075563890458,0.019900292264001706,0.06570821923355386
2021-05-29,0.04380542750469184,0.02001910375156869,0.06575572160991887
2021-05-30,0.04385133904671405,0.020128715499722182,0.06580133268796566
2021-05-31,0.04387491459970469,0.02022022488209318,0.0658494801583307
2021-06-01,0.04389618980804053,0.020315522096949114,0.0658949153016502
2021-06-02,0.043954794961758914,0.02041179964131896,0.06595738679106113
2021-06-03,0.04401009858454787,0.02050679256648683,0.06603331728710879
2021-06-04,0.044047821853109737,0.020593291933970116,0.06612333722256596
2021-06-05,0.044075163773514454,0.020675435796460778,0.06620618781788656
2021-06-06,0.04410424585101554,0.020747658666857516,0.06628277806916152
2021-06-07,0.04411755924469125,0.02080973519855171,0.06636469034593664
2021-06-08,0.044131909581294246,0.020876188047504927,0.06645224719521192
2021-06-09,0.04417069363055185,0.020943263111457094,0.06655950873394233
2021-06-10,0.04420867911456659,0.021009497072780926,0.06666559737449088
2021-06-11,0.04423776119206768,0.02107001914347429,0.06678238871094883
2021-06-12,0.04426053817981546,0.021128030824241112,0.0668931689442248
2021-06-13,0.044278285398421664,0.021178569466041346,0.06700050378909156
2021-06-14,0.0442848288658594,0.02122196734747305,0.06711217835723118
2021-06-15,0.04429259997837199,0.021266623294525465,0.06722342774977988
2021-06-16,0.04430994195491465,0.02131485608074137,0.06735268112942001
2021-06-17,0.04432579407092959,0.021359695749869595,0.06751116899624282
2021-06-18,0.044338618790352204,0.021403296012650435,0.06766179844524722
2021-06-19,0.04435182491406991,0.02144508273759698,0.06780953963247881
2021-06-20,0.04436186061458463,0.02148344117990227,0.06794257560875541
2021-06-21,0.04436598454852536,0.02151404238815495,0.06809613730321444
2021-06-22,0.04437140764084626,0.0215505341854634,0.06826450683721935
2021-06-23,0.04438351722721556,0.02158933757967105,0.06849751772227161
2021-06-24,0.0443955314625111,0.021626417144089232,0.06874266810350603
2021-06-25,0.04440475667889874,0.021661365963026594,0.06896729276655804
2021-06-26,0.04441181265835802,0.02169727788753326,0.06923081366556573
2021-06-27,0.04441822501806933,0.021730396662356072,0.06944558598389018
2021-06-28,0.04442083525371389,0.02175735644165298,0.06977792668371806
2021-06-29,0.044425650482939484,0.02179033383659714,0.070074684584954
2021-06-30,0.04443528094139066,0.02182534580999806,0.07045067175837406
2021-07-01,0.04444591258611647,0.021858801169405077,0.0708554535821586
2021-07-02,0.04445364794197639,0.021890458061929328,0.0712480226036246
2021-07-03,0.04446164551328919,0.021921368583520586,0.07160745725145327
2021-07-04,0.044468308169569155,0.021949928754337277,0.07195787524450896
2021-07-05,0.04447083497302417,0.02197483386057538,0.07235586892006603
2021-07-06,0.04447607928208174,0.022006219475972064,0.07277255566039637
2021-07-07,0.044487819383040174,0.022039154528719063,0.07324351826409192
2021-07-08,0.04449938070073528,0.022070296138233806,0.07371395306360565
2021-07-09,0.04451069172186173,0.022100987772195674,0.0742321101578935
2021-07-10,0.04452203849964084,0.02213077514906565,0.07470087357749809
2021-07-11,0.04453091806838605,0.0221574392506468,0.07516287817132976
2021-07-12,0.0445347797868739,0.022181054714032415,0.0756633391642989
2021-07-13,0.044542479386081156,0.022208946739331208,0.07619617214708718
2021-07-14,0.04456092981885644,0.022238897026010597,0.07681165046801423
2021-07-15,0.044580500626748565,0.022266849335115513,0.07751681151617117
2021-07-16,0.04459785452217545,0.022294177276228407,0.07827268574946596
2021-07-17,0.044617020088004035,0.022323714188237215,0.0790670896880346
2021-07-18,0.04463241928641855,0.022351103130820598,0.07977126843396423
2021-07-19,0.04463892699720363,0.02237269980436534,0.08035377365475396
2021-07-20,0.04465302703723797,0.022402852472393868,0.08103358544095561
2021-07-21,0.044679284339178504,0.02243255157654773,0.0816744423462925
2021-07-22,0.04470181103035763,0.02245791527031101,0.08225430854617306
2021-07-23,0.04472670957949688,0.02248597379374101,0.0827804413480975
2021-07-24,0.04474958191831843,0.02251449521068233,0.08324184483161097
2021-07-25,0.04476611341073401,0.02254274319750301,0.08366408817707784
2021-07-26,0.04477753170181845,0.022564049934646863,0.08402333222895195
2021-07-27,0.04479594637794107,0.02259537885455921,0.08436537866123467
2021-07-28,0.0448289378494669,0.022626603713139556,0.08473970911597285
2021-07-29,0.044866386983691664,0.022658346007722485,0.08519046854848601
2021-07-30,0.04489563592557186,0.022688236010595747,0.08562008649127127
2021-07-31,0.04492424124770408,0.022718256628382286,0.08599882997541869
2021-08-01,0.044949235147917106,0.022747059369752198,0.0863536023529745
2021-08-02,0.044959330442852934,0.022768983298244488,0.08667265998089291
2021-08-03,0.044980379192388564,0.022799573741531787,0.08698818425303848
2021-08-04,0.04502294152794446,0.022830420390995126,0.08741325721536906
2021-08-05,0.04506512245920526,0.022862459080958176,0.08785153994347276
2021-08-06,0.04510621877200189,0.022890181019803967,0.08831310470048623
2021-08-07,0.045144430714816844,0.022918220166296282,0.08872754827304377
2021-08-08,0.04518170106577828,0.02294369653336387,0.08912546864246448
2021-08-09,0.04519580110581262,0.02296393753893513,0.08949084108733878
2021-08-10,0.04522535993868258,0.022991462120082296,0.08983265293998512
2021-08-11,0.04528490668425449,0.02302102630333673,0.09026228554399765
2021-08-12,0.04535210535349676,0.023049818997405623,0.09074244073719348
2021-08-13,0.04541858888968573,0.023077568925161402,0.09121752314575281
2021-08-14,0.045485859072233334,0.02310346440821444,0.09164571894949257
2021-08-15,0.045542211556833814,0.023127102119195175,0.09203383095786753
2021-08-16,0.04556755110468927,0.02314516286044487,0.09244761477519779
2021-08-17,0.045614177779764786,0.02317040885725333,0.09283846843307283
2021-08-18,0.0457133905720267,0.023196532557572418,0.09333255179217816
2021-08-19,0.045813509199489476,0.023222778260832473,0.09386517951778461
2021-08-20,0.045924116445067394,0.023247506821638352,0.0944079967963459
2021-08-21,0.046020564056189865,0.02326971709820974,0.09487470764413225
2021-08-22,0.04610459218995326,0.023287710379009723,0.09534402819037321
2021-08-23,0.04614831065727867,0.02330598713723137,0.0958090823194777
2021-08-24,0.04621680848490112,0.023332966293465963,0.09625869817626355
2021-08-25,0.04635460270538887,0.02336609655091851,0.09678035930386968
2021-08-26,0.046505090537572784,0.023398146005846943,0.09733751526270412
2021-08-27,0.04664846279587632,0.023431703273592886,0.09789059540035662
2021-08-28,0.0467712630600131,0.02346405773587374,0.09836171927755219
2021-08-29,0.04687157238962342,0.023494851995838898,0.0988449973121572
2021-08-30,0.046925910582790414,0.023517057248759778,0.09923005978525935
2021-08-31,0.046994444167065524,0.02354717403357037,0.09969855930277302
2021-09-01,0.04715571858947014,0.023580970283547744,0.10021945804656095
2021-09-02,0.047319186086571555,0.023613517797541075,0.10077469338462261
2021-09-03,0.04748904210561583,0.023644103217177866,0.1013920630038679
2021-09-04,0.047618183216158586,0.023674794851139738,0.10192998343251995
2021-09-05,0.047742771312928624,0.023702746442580296,0.10246595391794469
2021-09-06,0.047799374094097756,0.023725153359185954,0.10306471843978034
2021-09-07,0.047879540509373306,0.023752334896769683,0.10361057059238718
2021-09-08,0.04804122017384146,0.0237833832099178,0.10417546767922185
2021-09-09,0.04822514047626741,0.02380848208553274,0.10472542497546516
2021-09-10,0.048379716485739396,0.02383243485116692,0.10526457694720817
2021-09-11,0.048513374853402194,0.02385295359284498,0.10568828641540236
2021-09-12,0.04860091905801101,0.023872512817275527,0.1061083598992328
2021-09-13,0.04866660402895712,0.02389074436264258,0.10655288831015486
2021-09-14,0.048741990971659745,0.023910247609253154,0.10693814137921157
2021-09-15,0.048890440674641746,0.023932186608696972,0.10737668800940617
2021-09-16,0.04904449225320797,0.023956876415627486,0.10776299668682654
2021-09-17,0.049175862195100194,0.023982469761985533,0.10823690619720401
2021-09-18,0.04928195218355806,0.024004554447294157,0.10866913383844388
2021-09-19,0.04936940103709311,0.02402626810012936,0.10909469062127448
2021-09-20,0.049413929988545595,0.024045009904855412,0.10961852161051705
2021-09-21,0.04946951966455588,0.024064361006621952,0.110074691035894
2021-09-22,0.04959411968021014,0.02408727100594302,0.11056719098245382
2021-09-23,0.04972160406584607,0.02410979274884606,0.11109194562901459
2021-09-24,0.04983753905267111,0.02413104709649173,0.11161467702621167
2021-09-25,0.04992348612679421,0.024151375657114747,0.11205133235808805
2021-09-26,0.05001614353273416,0.024170064354678257,0.11253550472755672
2021-09-27,0.050052162400852314,0.024183552856299015,0.11308538871766367
2021-09-28,0.05010187606694127,0.024197095182746674,0.113591978103633
2021-09-29,0.050242280523073585,0.024213981107441263,0.11410642590742075
2021-09-30,0.05038709496636795,0.024233162122754805,0.1146308580069815
2021-10-01,0.0505076902369237,0.02425064012054528,0.11513851766254177
2021-10-02,0.050609203373840415,0.024267033009825478,0.11556977766278163
2021-10-03,0.05068267137618333,0.024281959710820963,0.11600493754947615
2021-10-04,0.05071947689066013,0.02429512598114469,0.11650739246935445
2021-10-05,0.050776675616040344,0.024308641754011078,0.11699228323895951
2021-10-06,0.05091430297214899,0.024324739683239876,0.11755986333038515
2021-10-07,0.051053086460027146,0.02433999507451162,0.11814274974308399
2021-10-08,0.05117738850357586,0.0243541617689513,0.11865495437909893
2021-10-09,0.05128291830447531,0.02436719885969047,0.11923335445625217
2021-10-10,0.05137364485117134,0.024380211549841446,0.11972642619067565
2021-10-11,0.051410724499985225,0.02439048347980675,0.120305530006738
2021-10-12,0.05146997327345159,0.02440183908295361,0.12085840488720868
2021-10-13,0.05161184375234318,0.02441546537613123,0.12146687514149918
2021-10-14,0.05175942337677699,0.024427566632546725,0.12212104444120007
2021-10-15,0.0518967050852432,0.024439035626662255,0.12277000900521902
2021-10-16,0.05202720494858724,0.024449187706679667,0.12339855047964644
2021-10-17,0.052130684701400545,0.024458945071299823,0.12405464040012014
2021-10-18,0.052179027695803994,0.024468316332495025,0.12476937522968645
2021-10-19,0.05225973046086952,0.024478810738411513,0.1254053352851141
2021-10-20,0.052462530275902745,0.02449205451648597,0.12611803220408943
2021-10-21,0.052654150177535955,0.024503383566051563,0.12687365719652058
2021-10-22,0.05288742657952421,0.024515100154370823,0.12758916907113238
2021-10-23,0.05306793808106274,0.024526515323659452,0.12824956939242438
2021-10-24,0.05323160819919592,0.024536782229974248,0.1288182637371228
2021-10-25,0.05330995102518554,0.024545701362623504,0.12934848702145643
2021-10-26,0.05343477749964002,0.024555354665911657,0.12998670490588415
2021-10-27,0.05371143864019547,0.02456694925128995,0.1306315056813575
2021-10-28,0.054045608397120914,0.024577246299507804,0.13120437847582878
2021-10-29,0.05433962343310325,0.02458751822947311,0.1318371423837109
2021-10-30,0.054596391955892595,0.024596725863194543,0.13243540842381926
2021-10-31,0.05479766615374543,0.024605706714978644,0.13298891373706268
2021-11-01,0.054912778737559176,0.024613186930588817,0.13357177082730695
2021-11-02,0.055041657632649045,0.024621729289449782,0.1340649745127759
2021-11-03,0.05528477903300447,0.024630976394710943,0.1346642521775661
2021-11-04,0.055689413233448955,0.02464011154433215,0.1352014542060818
2021-11-05,0.056131842215760626,0.024647954898107796,0.13569688639809624
2021-11-06,0.05653710811706886,0.024655724332454502,0.13614062310274555
2021-11-07,0.05681771440830171,0.024663961683963048,0.13657950694116747
2021-11-08,0.05700261205923385,0.0246712287532587,0.13704989775699936
2021-11-09,0.05726282513956328,0.02467945749279494,0.13753192958728616
2021-11-10,0.05773571878994577,0.024688852436913978,0.13811047627671214
2021-11-11,0.058333999102341154,0.024697834724026795,0.13873393030527578
2021-11-12,0.058913733630887484,0.024706339046676757,0.13930656852011067
2021-11-13,0.059451048850488575,0.02471442784166306,0.13986156927853596
2021-11-14,0.05985030763414904,0.024721768830387653,0.1403941530204606
2021-11-15,0.060131676733972086,0.024728130924927053,0.140971702746432
2021-11-16,0.060513653135511006,0.02473544894839217,0.14151359636767508
2021-11-17,0.061143280113409616,0.024744002789882875,0.1420712508082368
2021-11-18,0.06192242949387018,0.02475197317025,0.1427608269718024
2021-11-19,0.06255377279109672,0.024759366548472776,0.1434112869810032
2021-11-20,0.06331567554608841,0.02476689341226626,0.14399851311697487
2021-11-21,0.06382493371223148,0.02477298494734245,0.14458060782340093
2021-11-22,0.06419016408143882,0.024778424125516632,0.1452343666087382
2021-11-23,0.06473039942767425,0.024785086203757946,0.14586006380507463
2021-11-24,0.06552758207996234,0.024791630585044442,0.14648738839763842
2021-11-25,0.06643295244433133,0.024799201226363803,0.1471740469769766
2021-11-26,0.06734372206325277,0.024805170758499022,0.14790184496004333
2021-11-27,0.06814377716663832,0.024811467545581785,0.1484849806136058
2021-11-28,0.0686729875449686,0.024817430618737778,0.14902269578507601
2021-11-29,0.06902297366125633,0.024822447092604717,0.14964321756818505
2021-11-30,0.06956829837105444,0.024828873059272036,0.1502284937609294
2021-12-01,0.0703690805263775,0.024835881051734218,0.1509254298605861
2021-12-02,0.07124165012136821,0.024842495046463502,0.15170666801706345
2021-12-03,0.07212784300102439,0.024848669112940938,0.15245194218303973
2021-12-04,0.07289673022217003,0.024848669112940938,0.1530633300215576
2021-12-05,0.07339797889811608,0.024861013657574014,0.15370185579175802
2021-12-06,0.07372975295931294,0.0248659095638287,0.15444990092968894
2021-12-07,0.07415953600546533,0.024871965933351316,0.15511307222293558
2021-12-08,0.07498910226618394,0.024878725613945406,0.15585875690327552
2021-12-09,0.07583070659996652,0.024884755429886753,0.15659504373693336
2021-12-10,0.07656119117614965,0.024890489568112337,0.15745166992404927
2021-12-11,0.07720119950220541,0.024896142610265393,0.15822059264961716
2021-12-12,0.07759030339650894,0.024901417443301446,0.1589282607676378
2021-12-13,0.07784945569614264,0.024905568413951855,0.15972159443661552
2021-12-14,0.07821683146450989,0.024910580581832643,0.16059011087904995
2021-12-15,0.07882828214397032,0.024916303237428487,0.16173244040203782
2021-12-16,0.07950380874500693,0.024921647683907328,0.16301919767489356
2021-12-17,0.08011129043602151,0.024921647683907328,0.1643789092146605
2021-12-18,0.08062157362620766,0.024926775395749858,0.16568787824683506
2021-12-19,0.08097136904034782,0.02493656720825923,0.16689278188782478
2021-12-20,0.08116309621193903,0.024940389488633377,0.16824047122122773
2021-12-21,0.08144233183148639,0.024944922974386947,0.16954897109412956
2021-12-22,0.08198653616616765,0.024950301868755003,0.17109725533908385
2021-12-23,0.0825220158775986,0.02495507433674,0.17289681835827272
2021-12-24,0.08294431386445972,0.02496023362581431,0.17468161752159753
2021-12-25,0.08320907995856186,0.024965247946688172,0.17647411382924075
2021-12-26,0.08332946068920162,0.02496993501261449,0.17822416588392817
2021-12-27,0.08349522853095782,0.024974497922606764,0.1798042210083834
2021-12-28,0.0837464786103525,0.024981096846384516,0.18182961091126065
2021-12-29,0.08422374649124437,0.02499053700335815,0.18451132531424802
2021-12-30,0.08473351716940898,0.0250025679286665,0.18728320626496525
2021-12-31,0.08522505195471429,0.02501891273443467,0.19007826661600138
2022-01-01,0.08553961514709495,0.025038686540508455,0.19247210782148033
2022-01-02,0.08568877998313025,0.02506290771261277,0.19445890937417468
2022-01-03,0.08590949388114877,0.02508973328867461,0.19721634901602786
2022-01-04,0.08627374690184993,0.02513142743491889,0.20043140954475805
2022-01-05,0.08697591220912217,0.025196683219721887,0.20328293028202307
2022-01-06,0.0877427732199501,0.025280721716119375,0.20592951638446394
2022-01-07,0.08841422356258286,0.02538262000774614,0.20855452116035872
2022-01-08,0.08908035808285272,0.025497182204645575,0.21062695894155556
2022-01-09,0.08951601713892643,0.025626162996174578,0.21270834007138903
2022-01-10,0.08981702855994694,0.02574677582128176,0.21480051186449553
2022-01-11,0.09036160238003908,0.02588651942519738,0.2164987804644542
2022-01-12,0.09132023823799511,0.02606408178782059,0.21840604485919166
2022-01-13,0.09229063803467802,0.026253690146703677,0.21996152776673705
2022-01-14,0.09338983329426125,0.026446622009231657,0.2214131212178249
2022-01-15,0.09431976847901127,0.026641254018625268,0.2226021760721323
2022-01-16,0.09494555757619048,0.026826475295283952,0.22363589522348065
2022-01-17,0.09535252787794242,0.02699729233060024,0.22493238755124575
2022-01-18,0.09623935245846237,0.027200369814166406,0.2263128593888315
2022-01-19,0.09757811729090293,0.027428251213296104,0.22789391147674126
2022-01-20,0.09916971741433966,0.02767746303249349,0.2294612259946961
2022-01-21,0.10084026822686132,0.027919821157065802,0.23087053646632813
2022-01-22,0.10245481220242494,0.0281591859035982,0.23198090451386053
2022-01-23,0.10347316167033198,0.028378837127862943,0.23308237319643813
2022-01-24,0.10422873549780191,0.028562468777967222,0.23446985310066043
2022-01-25,0.10574189744417525,0.02876765906540524,0.23585324252247353
2022-01-26,0.10769659445654363,0.028973186655091823,0.23735006585969903
2022-01-27,0.11011774892181475,0.029153470400963017,0.238766618977604
2022-01-28,0.11238410091881368,0.029322503322683713,0.2400705005639148
2022-01-29,0.11463874857150683,0.029490638446291743,0.2411342752311731
2022-01-30,0.11605673822736942,0.029641289113130073,0.24205529352847271
2022-01-31,0.1169902014018491,0.029761181403221176,0.25448336664706267
2022-02-01,0.1189283669218019,0.02987700238340568,0.25613743164679276
2022-02-02,0.1214134304442701,0.030000751401760145,0.2574178552694665
2022-02-03,0.12422771738671169,0.03010796615095576,0.2587833726552336
2022-02-04,0.1271935886986856,0.030199792740973282,0.25999277729299614
2022-02-05,0.1297897004654479,0.030276923000254443,0.2608795909470675
2022-02-06,0.13137697403391216,0.030337117816000264,0.26166575527590863
2022-02-07,0.1325124503770664,0.03038562977365168,0.26259860518361766
2022-02-08,0.1345335474934342,0.03043684589060648,0.26357369408710063
2022-02-09,0.13732554612238113,0.030484989686441914,0.2645674760553569
2022-02-10,0.1402797846033546,0.03052666947939902,0.2669494270055173
2022-02-11,0.14314236686466278,0.030562844786725305,0.2678099090954061
2022-02-12,0.14564281766666126,0.030595051410148278,0.26848244891288026
2022-02-13,0.14713458521585654,0.030619533094414782,0.2690862422356706
2022-02-14,0.1480459626978733,0.03063920355682092,0.26969320238355193
2022-02-15,0.14994365168700902,0.03066117485116088,0.27037031650393534
2022-02-16,0.15256547248703764,0.030683248053839766,0.2711633569483676
2022-02-17,0.1553738715006737,0.03070184991401588,0.2719217089290715
2022-02-18,0.1579965981359032,0.030717832299282936,0.2726178386612282
2022-02-19,0.16025051873665883,0.030732162621196386,0.2731928226724268
2022-02-20,0.1616573284791214,0.030743681851817018,0.27364746733016737
2022-02-21,0.16253774069993004,0.030753302142544674,0.27421227644963836
2022-02-22,0.16403835206121786,0.03076414030968895,0.27481856218106515
2022-02-23,0.1665300186455449,0.03077429382503508,0.2754026361531731
2022-02-24,0.16910833551816415,0.030783742593981017,0.2759695564893715
2022-02-25,0.17162015693571017,0.03079199501644109,0.276437029720976
2022-02-26,0.17371589010507463,0.030799367582397465,0.276437029720976
2022-02-27,0.17500209265809724,0.030805118226903298,0.276437029720976
2022-02-28,0.17574522317043964,0.03081008087594334,0.2776409070760566
2022-03-01,0.1772006500416428,0.030815502112508553,0.27909947927132644
2022-03-02,0.1794224015738839,0.03082021070836563,0.27975976230280025
2022-03-03,0.1819333886695344,0.030824800889603533,0.2804295311483198
2022-03-04,0.1845268544439995,0.03082905018027108,0.2810864420975208
2022-03-05,0.18681778318026368,0.030832980110299026,0.2810864420975208
2022-03-06,0.1882109696380608,0.030836110562231442,0.2810864420975208
2022-03-07,0.18914574388980487,0.030838976196015517,0.2829401490290294
2022-03-08,0.19101461301689235,0.030842259510456323,0.28385511223946525
2022-03-09,0.19358735185169582,0.0308452622181329,0.28485761763794903
2022-03-10,0.19671906251873128,0.030848272102453063,0.2860950398810306
2022-03-11,0.1997325855298238,0.030850865741445212,0.28716322757769813
2022-03-12,0.2025583861144236,0.030853101983586755,0.28716322757769813
2022-03-13,0.20430577797352295,0.030854898297476445,0.28716322757769813
2022-03-14,0.20540682066016053,0.030856741259549448,0.28966757045313485
2022-03-15,0.20777734370525763,0.030858805262244916,0.291427753415868
2022-03-16,0.21090715926970183,0.03086062741205152,0.2927996924191808
2022-03-17,0.21442240771210927,0.030862441667550176,0.29413115177399235
2022-03-18,0.2179723877831389,0.030863930821094367,0.2954865675741683
2022-03-19,0.22107414629412508,0.030865194628029946,0.2954865675741683
2022-03-20,0.22264495988347907,0.03086630629012149,0.2954865675741683
2022-03-21,0.2237452397615265,0.030867440917472507,0.2987998876480832
2022-03-22,0.2263921855694946,0.03086871692470218,0.30019414103930564
2022-03-23,0.22977395442750256,0.030870107758229237,0.3016994092434405
2022-03-24,0.23356877221821556,0.030871317022673556,0.3031808969369383
2022-03-25,0.23710269755219848,0.03087250834550891,0.30431967844292607
2022-03-26,0.2401065662670714,0.030873528146562548,0.30431967844292607
2022-03-27,0.24143223224575222,0.03087443958029803,0.30431967844292607
2022-03-28,0.24223676884960516,0.030875343119725562,0.3074671360526997
2022-03-29,0.24506573985740795,0.030876227999879775,0.30865880060546175
2022-03-30,0.24826568613661298,0.030877107138719117,0.30995848908077245
2022-03-31,0.2545527426180957,0.03087806522063791,0.3110531549538953
2022-04-01,0.25455207516057926,0.030878969477729803,0.3120748812213342
2022-04-02,0.25689361147924905,0.03087975603786688,0.3120748812213342
2022-04-03,0.2582664524016796,0.030880411265426323,0.3120748812213342
2022-04-04,0.2582664524016796,0.03088098180859145,0.31417129010912265
2022-04-05,0.26041658335863216,0.03088176119208494,0.3149190273612808
2022-04-06,0.265383349278218,0.030882502539367418,0.3156735234392119
2022-04-07,0.26747228868357603,0.030883298429141157,0.3163652987868685
2022-04-08,0.2692681665636895,0.0308841237431536,0.31697328522065893
2022-04-09,0.26992931899035466,0.030884880161387615,0.31697328522065893
2022-04-10,0.27029628951665835,0.03088549807040041,0.31697328522065893
2022-04-11,0.27268533450783605,0.030886069331229893,0.3183119872217435
2022-04-12,0.2743378997240671,0.0308868501500521,0.3188772801617145
2022-04-13,0.27630890177005085,0.030887572838061254,0.31942569802909415
2022-04-14,0.27817854562461275,0.030888253901537613,0.3199057945773809
2022-04-15,0.2786263142670558,0.030888953624287292,0.3199057945773809
2022-04-16,0.27910049515693425,0.030889778938299736,0.3199057945773809
2022-04-17,0.2793446177435643,0.03089134559959466,0.3199057945773809
2022-04-18,0.2796125900175221,0.03089224052704989,0.3199057945773809
2022-04-19,0.28197947780293153,0.030893723939279215,0.3216126693177489
2022-04-20,0.28420026390555064,0.030895431980452793,0.3220095340788059
2022-04-21,0.286127762024125,0.030897190975795834,0.32229685014967796
2022-04-22,0.2877377529859159,0.030899004513630132,0.32264565540773354
2022-04-23,0.28820472295084015,0.030900865417312105,0.32264565540773354
2022-04-24,0.28844410182154995,0.030902689002447425,0.32264565540773354
2022-04-25,0.29007458134531805,0.030902696896755368,0.32330655421075283
2022-04-26,0.29007458134531805,0.0309065715666277,0.32355254028194186
2022-04-27,0.29331371691584424,0.03090894201200431,0.32381005007776753
2022-04-28,0.29452479474161714,0.03091136556454346,0.32401627490059176
2022-04-29,0.2955652894964082,0.030914012310698145,0.32419918837205164
2022-04-30,0.2957049549817188,0.030916397827026286,0.32419918837205164
2022-05-01,0.2957530119229009,0.030918663493406533,0.32419918837205164
2022-05-02,0.29710606749752333,0.030920506455479536,0.32419965753132435
2022-05-03,0.2983769900409737,0.030922806569749,0.3247203950016123
2022-05-04,0.2995231933799275,0.030925156920523566,0.3249685216119832
2022-05-05,0.30053716861732516,0.03092770104067497,0.3251512005038067
2022-05-06,0.30139833184011566,0.030930431753559615,0.3253164911800842
2022-05-07,0.30149949932938996,0.030932908413261306,0.3253164911800842
2022-05-08,0.30153942759153285,0.030935209962859485,0.3253164911800842
2022-05-09,0.3028215181294989,0.030936851978912067,0.32570139237968637
2022-05-10,0.30397776908785173,0.030938931052559064,0.3258540597392817
2022-05-11,0.30503808494710355,0.03094095988970096,0.3259761877624671
2022-05-12,0.30586047603952066,0.030942998774143873,0.3261931739261098
2022-05-13,0.3065977662985944,0.030945049858880885,0.3262897474301581
2022-05-14,0.30667107935544247,0.03094683469014084,0.3262897474301581
2022-05-15,0.30669855238357363,0.030948414987058578,0.3262897474301581
2022-05-16,0.30772657998546876,0.030949541002437294,0.32663897786380464
2022-05-17,0.30858534751253064,0.030950853610549257,0.3267650057734447
2022-05-18,0.30928521247514806,0.0309525501690931,0.32688289670194814
2022-05-19,0.3098681651024343,0.03095417137287928,0.32706174901345336
2022-05-20,0.3103732278213313,0.030955838507184415,0.3271576627622743
2022-05-21,0.31041879371571107,0.03095743602804676,0.3271576627622743
2022-05-22,0.31043363272656715,0.030958887145379945,0.3271576627622743
2022-05-23,0.3112016498691646,0.03096008923318068,0.32753837085087634
2022-05-24,0.31178735575870603,0.030961613552278444,0.32763281847697
2022-05-25,0.312260595056731,0.030963499574212964,0.32772231060824536
2022-05-26,0.31228266883030964,0.030965444444624898,0.3276646186789255
2022-05-27,0.3127591381459587,0.030967371373427862,0.3277354030842003
2022-05-28,0.3127914740788523,0.030969400928234116,0.3277354030842003
2022-05-29,0.31280047283643975,0.030971342927988612,0.3277354030842003
2022-05-30,0.3135381206620401,0.030973020827259126,0.3279859634582985
2022-05-31,0.3141931467822153,0.03097499081592361,0.3280710132377101
2022-06-01,0.31477123650473904,0.030977654786022907,0.3281506237018033
2022-06-02,0.3152800894288186,0.030980554867696197,0.32815251500012155
2022-06-03,0.31576980062483795,0.030983398253885155,0.32815251500012155
2022-06-04,0.31576980062483795,0.030986462680696575,0.32815251500012155
2022-06-05,0.31581003877797065,0.030989705088268937,0.32815251500012155
2022-06-06,0.3158308968253587,0.03099237049369695,0.32863711254518113
2022-06-07,0.3168398899691517,0.030996126031285747,0.32878719952877644
2022-06-08,0.3177652244645921,0.031001321921242345,0.3289932630781006
2022-06-09,0.3186934433300142,0.03100676468773832,0.32914103358778674
2022-06-10,0.3194721874684112,0.031012742114181487,0.3292817520471545
2022-06-11,0.3194721874684112,0.03101890110970739,0.3292817520471545
2022-06-12,0.31953628722775584,0.031024702708382687,0.3292817520471545
2022-06-13,0.3207977819337868,0.0310294349871636,0.32969565315430294
2022-06-14,0.32189841937836083,0.03103576622213558,0.32987199839594444
2022-06-15,0.3229608925556568,0.031044531056947728,0.3302466953813645
2022-06-16,0.32329602774220423,0.031053750890963256,0.3304305178489153
2022-06-17,0.3242526850653794,0.031063235543127128,0.3306072442824659
2022-06-18,0.3242527089031479,0.031072492695689305,0.3306072442824659
2022-06-19,0.3243354378785311,0.031081665163857165,0.3306072442824659
2022-06-20,0.3258026167695769,0.031088786547288014,0.3311509558958909
2022-06-21,0.3272237291731056,0.031097577218017074,0.3313918398599888
2022-06-22,0.3286463671938147,0.03110713148362373,0.33187766894813936
2022-06-23,0.32993587127776675,0.031119572912945224,0.3321455149091926
